OBJECTID,UJAHR,UMONAT,USTUNDE,UWOCHENTAG,UKATEGORIE,UART,UTYP1,ULICHTVERH,IstPKW,IstFuss,IstKrad,IstGkfz,IstSonstige,Longitude,Latitude,Kommentar,Stadtteil,typ,involved,art
,2024,7,12,6,Unfall mit Leichtverletzten,5.0,3.0,0.0,1.0,0.0,0.0,0.0,0.0,8.46265031400003,49.490049570000046,,,Einbiegen / Kreuzen-Unfall,"Fahrrad, Pkw",Zusammenstoß mit einbiegendem / kreuzendem Fahrzeug
,2024,7,11,6,Unfall mit Leichtverletzten,5.0,3.0,0.0,1.0,0.0,0.0,0.0,0.0,8.474407426000027,49.48543251300004,,,Einbiegen / Kreuzen-Unfall,"Fahrrad, Pkw",Zusammenstoß mit einbiegendem / kreuzendem Fahrzeug
,2024,7,6,6,Unfall mit Leichtverletzten,3.0,2.0,0.0,0.0,0.0,0.0,0.0,1.0,8.460144035000042,49.49309150700003,,,Abbiegeunfall,"Fahrrad, Tram/Bus (bis 2017 auch LKW)",Zusammenstoß mit seitlich in gleicher Richtung fahrendem Fahrzeug
,2024,7,2,6,Unfall mit Leichtverletzten,9.0,7.0,2.0,0.0,0.0,0.0,0.0,0.0,8.515253270000073,49.48866182300002,,,sonstiger Unfall,Fahrrad,Abkommen von Fahrbahn nach links
,2024,7,21,5,Unfall mit Leichtverletzten,2.0,6.0,0.0,1.0,0.0,0.0,0.0,0.0,8.458535586000039,49.49367231000008,,,Unfall im Längsverkehr,"Fahrrad, Pkw",Zusammenstoß mit vorausfahrendem / wartendem Fahrzeug
,2024,7,17,5,Unfall mit Leichtverletzten,7.0,7.0,0.0,0.0,0.0,0.0,0.0,0.0,8.46085490400003,49.49983408100008,,,sonstiger Unfall,Fahrrad,Aufprall auf Fahrbahnhindernis
,2024,7,7,5,Unfall mit Leichtverletzten,0.0,7.0,0.0,0.0,0.0,0.0,0.0,0.0,8.467045218000067,49.47459901900004,,,sonstiger Unfall,Fahrrad,Unfall anderer Art
,2024,7,19,4,Unfall mit Leichtverletzten,5.0,3.0,0.0,1.0,0.0,0.0,0.0,0.0,8.495673578000037,49.50185810100004,,,Einbiegen / Kreuzen-Unfall,"Fahrrad, Pkw",Zusammenstoß mit einbiegendem / kreuzendem Fahrzeug
,2024,7,16,4,Unfall mit Leichtverletzten,5.0,3.0,0.0,1.0,0.0,0.0,0.0,0.0,8.446441661000051,49.50743797400003,,,Einbiegen / Kreuzen-Unfall,"Fahrrad, Pkw",Zusammenstoß mit einbiegendem / kreuzendem Fahrzeug
,2024,7,13,4,Unfall mit Leichtverletzten,5.0,2.0,0.0,0.0,0.0,0.0,0.0,1.0,8.495967437000047,49.47877990200004,,,Abbiegeunfall,"Fahrrad, Tram/Bus (bis 2017 auch LKW)",Zusammenstoß mit einbiegendem / kreuzendem Fahrzeug
,2024,7,12,4,Unfall mit Leichtverletzten,3.0,6.0,0.0,0.0,0.0,0.0,0.0,0.0,8.485518084000034,49.48556542000006,,,Unfall im Längsverkehr,Fahrrad,Zusammenstoß mit seitlich in gleicher Richtung fahrendem Fahrzeug
,2024,7,12,4,Unfall mit Schwerverletzten,5.0,2.0,0.0,1.0,0.0,0.0,0.0,0.0,8.508483199000068,49.51593359700007,,,Abbiegeunfall,"Fahrrad, Pkw",Zusammenstoß mit einbiegendem / kreuzendem Fahrzeug
,2024,7,11,4,Unfall mit Schwerverletzten,1.0,7.0,0.0,0.0,0.0,0.0,0.0,0.0,8.472226313000021,49.49277698100008,,,sonstiger Unfall,Fahrrad,Zusammenstoß mit anfahrendem/ anhaltendem/ ruhendem Fahrzeug
,2024,7,9,4,Unfall mit Leichtverletzten,0.0,7.0,0.0,0.0,0.0,0.0,0.0,0.0,8.482928173000062,49.49315029900004,,,sonstiger Unfall,Fahrrad,Unfall anderer Art
,2024,7,9,4,Unfall mit Leichtverletzten,3.0,5.0,0.0,1.0,0.0,0.0,0.0,0.0,8.48345071600005,49.47767775400007,,,Unfall durch ruhenden Verkehr,"Fahrrad, Pkw",Zusammenstoß mit seitlich in gleicher Richtung fahrendem Fahrzeug
,2024,7,20,3,Unfall mit Leichtverletzten,4.0,6.0,0.0,0.0,0.0,0.0,0.0,0.0,8.486656810000056,49.44720385300008,,,Unfall im Längsverkehr,Fahrrad,Zusammenstoß mit entgegenkommendem Fahrzeug
,2024,7,19,3,Unfall mit Leichtverletzten,3.0,6.0,0.0,0.0,0.0,0.0,0.0,1.0,8.479137863000062,49.47709484000006,,,Unfall im Längsverkehr,"Fahrrad, Tram/Bus (bis 2017 auch LKW)",Zusammenstoß mit seitlich in gleicher Richtung fahrendem Fahrzeug
,2024,7,17,3,Unfall mit Leichtverletzten,5.0,3.0,0.0,1.0,0.0,0.0,0.0,0.0,8.462228365000044,49.48478667500007,,,Einbiegen / Kreuzen-Unfall,"Fahrrad, Pkw",Zusammenstoß mit einbiegendem / kreuzendem Fahrzeug
,2024,7,16,3,Unfall mit Schwerverletzten,4.0,6.0,0.0,1.0,0.0,0.0,0.0,0.0,8.53037837200003,49.489120703000026,,,Unfall im Längsverkehr,"Fahrrad, Pkw",Zusammenstoß mit entgegenkommendem Fahrzeug
,2024,7,9,3,Unfall mit Leichtverletzten,3.0,6.0,0.0,1.0,0.0,0.0,0.0,0.0,8.44776865600005,49.54361072000006,,,Unfall im Längsverkehr,"Fahrrad, Pkw",Zusammenstoß mit seitlich in gleicher Richtung fahrendem Fahrzeug
,2024,7,8,3,Unfall mit Leichtverletzten,5.0,3.0,0.0,0.0,0.0,0.0,0.0,0.0,8.493055578000053,49.50066644800006,,,Einbiegen / Kreuzen-Unfall,Fahrrad,Zusammenstoß mit einbiegendem / kreuzendem Fahrzeug
,2024,7,8,3,Unfall mit Leichtverletzten,0.0,7.0,0.0,0.0,0.0,0.0,0.0,0.0,8.48587542000007,49.52561503300007,,,sonstiger Unfall,Fahrrad,Unfall anderer Art
,2024,7,7,3,Unfall mit Leichtverletzten,5.0,3.0,0.0,1.0,0.0,0.0,0.0,0.0,8.569223708000038,49.46092317000006,,,Einbiegen / Kreuzen-Unfall,"Fahrrad, Pkw",Zusammenstoß mit einbiegendem / kreuzendem Fahrzeug
,2024,7,17,2,Unfall mit Leichtverletzten,5.0,2.0,0.0,1.0,0.0,0.0,0.0,0.0,8.512465399000064,49.488836615000025,,,Abbiegeunfall,"Fahrrad, Pkw",Zusammenstoß mit einbiegendem / kreuzendem Fahrzeug
,2024,7,16,2,Unfall mit Leichtverletzten,4.0,6.0,0.0,0.0,0.0,0.0,0.0,0.0,8.497576064000043,49.50293476100006,,,Unfall im Längsverkehr,Fahrrad,Zusammenstoß mit entgegenkommendem Fahrzeug
,2024,7,7,2,Unfall mit Leichtverletzten,3.0,2.0,0.0,0.0,0.0,0.0,1.0,0.0,8.477824849000058,49.47647759200004,,,Abbiegeunfall,"Fahrrad, LKW",Zusammenstoß mit seitlich in gleicher Richtung fahrendem Fahrzeug
,2024,7,22,1,Unfall mit Leichtverletzten,0.0,7.0,2.0,0.0,0.0,0.0,0.0,0.0,8.461708171000055,49.48846135000008,,,sonstiger Unfall,Fahrrad,Unfall anderer Art
,2024,7,10,1,Unfall mit Leichtverletzten,5.0,3.0,0.0,1.0,0.0,0.0,0.0,0.0,8.494146827000066,49.515936598000046,,,Einbiegen / Kreuzen-Unfall,"Fahrrad, Pkw",Zusammenstoß mit einbiegendem / kreuzendem Fahrzeug
,2024,6,16,7,Unfall mit Leichtverletzten,5.0,3.0,0.0,1.0,0.0,0.0,0.0,0.0,8.481938159000038,49.46490090700007,,,Einbiegen / Kreuzen-Unfall,"Fahrrad, Pkw",Zusammenstoß mit einbiegendem / kreuzendem Fahrzeug
,2024,6,9,7,Unfall mit Leichtverletzten,5.0,3.0,0.0,1.0,0.0,0.0,0.0,0.0,8.468369708000068,49.52923566200008,,,Einbiegen / Kreuzen-Unfall,"Fahrrad, Pkw",Zusammenstoß mit einbiegendem / kreuzendem Fahrzeug
,2024,6,2,7,Unfall mit Leichtverletzten,0.0,7.0,2.0,0.0,0.0,0.0,0.0,0.0,8.484204085000044,49.47112750400004,,,sonstiger Unfall,Fahrrad,Unfall anderer Art
,2024,6,1,7,Unfall mit Leichtverletzten,2.0,7.0,2.0,1.0,0.0,0.0,0.0,0.0,8.480097783000076,49.56185112500003,,,sonstiger Unfall,"Fahrrad, Pkw",Zusammenstoß mit vorausfahrendem / wartendem Fahrzeug
,2024,6,21,6,Unfall mit Leichtverletzten,5.0,3.0,1.0,1.0,0.0,0.0,0.0,0.0,8.466525832000059,49.490533982000045,,,Einbiegen / Kreuzen-Unfall,"Fahrrad, Pkw",Zusammenstoß mit einbiegendem / kreuzendem Fahrzeug
,2024,6,18,6,Unfall mit Schwerverletzten,5.0,3.0,0.0,1.0,0.0,0.0,0.0,0.0,8.544510359000071,49.48292411700004,,,Einbiegen / Kreuzen-Unfall,"Fahrrad, Pkw",Zusammenstoß mit einbiegendem / kreuzendem Fahrzeug
,2024,6,20,5,Unfall mit Leichtverletzten,5.0,3.0,0.0,1.0,0.0,0.0,0.0,0.0,8.485652998000035,49.530159999000034,,,Einbiegen / Kreuzen-Unfall,"Fahrrad, Pkw",Zusammenstoß mit einbiegendem / kreuzendem Fahrzeug
,2024,6,10,5,Unfall mit Schwerverletzten,0.0,7.0,0.0,0.0,0.0,0.0,0.0,0.0,8.474132141000041,49.48120042400007,,,sonstiger Unfall,Fahrrad,Unfall anderer Art
,2024,6,10,5,Unfall mit Leichtverletzten,5.0,3.0,0.0,1.0,0.0,0.0,0.0,0.0,8.480266752000034,49.45662431200003,,,Einbiegen / Kreuzen-Unfall,"Fahrrad, Pkw",Zusammenstoß mit einbiegendem / kreuzendem Fahrzeug
,2024,6,10,5,Unfall mit Leichtverletzten,5.0,3.0,0.0,1.0,0.0,0.0,0.0,0.0,8.464235187000043,49.481836714000046,,,Einbiegen / Kreuzen-Unfall,"Fahrrad, Pkw",Zusammenstoß mit einbiegendem / kreuzendem Fahrzeug
,2024,6,7,5,Unfall mit Leichtverletzten,5.0,3.0,0.0,1.0,0.0,0.0,0.0,0.0,8.46965921800006,49.51262479300004,,,Einbiegen / Kreuzen-Unfall,"Fahrrad, Pkw",Zusammenstoß mit einbiegendem / kreuzendem Fahrzeug
,2024,6,15,4,Unfall mit Leichtverletzten,3.0,6.0,0.0,0.0,0.0,0.0,0.0,0.0,8.483909446000041,49.49721861700005,,,Unfall im Längsverkehr,Fahrrad,Zusammenstoß mit seitlich in gleicher Richtung fahrendem Fahrzeug
,2024,6,14,4,Unfall mit Schwerverletzten,5.0,3.0,0.0,1.0,0.0,0.0,0.0,0.0,8.473144705000038,49.46730769900007,,,Einbiegen / Kreuzen-Unfall,"Fahrrad, Pkw",Zusammenstoß mit einbiegendem / kreuzendem Fahrzeug
,2024,6,10,4,Unfall mit Leichtverletzten,5.0,3.0,0.0,0.0,0.0,0.0,0.0,1.0,8.475237137000022,49.49619403700007,,,Einbiegen / Kreuzen-Unfall,"Fahrrad, Tram/Bus (bis 2017 auch LKW)",Zusammenstoß mit einbiegendem / kreuzendem Fahrzeug
,2024,6,16,3,Unfall mit Leichtverletzten,6.0,4.0,0.0,0.0,1.0,0.0,0.0,0.0,8.46453912000004,49.493254904000025,,,Überschreiten-Unfall,"Fahrrad, Fußgänger",Zusammenstoß zwischen Fahrzeug und Fußgänger
,2024,6,13,3,Unfall mit Leichtverletzten,4.0,6.0,0.0,0.0,0.0,0.0,0.0,0.0,8.482069551000052,49.49758475100003,,,Unfall im Längsverkehr,Fahrrad,Zusammenstoß mit entgegenkommendem Fahrzeug
,2024,6,12,3,Unfall mit Leichtverletzten,7.0,7.0,0.0,0.0,0.0,0.0,0.0,0.0,8.456490669000061,49.49432034700004,,,sonstiger Unfall,Fahrrad,Aufprall auf Fahrbahnhindernis
,2024,6,11,3,Unfall mit Leichtverletzten,6.0,7.0,0.0,0.0,1.0,0.0,0.0,0.0,8.466722382000057,49.48702790400006,,,sonstiger Unfall,"Fahrrad, Fußgänger",Zusammenstoß zwischen Fahrzeug und Fußgänger
,2024,6,10,3,Unfall mit Leichtverletzten,0.0,7.0,0.0,0.0,0.0,0.0,0.0,0.0,8.50765059400004,49.47550174400004,,,sonstiger Unfall,Fahrrad,Unfall anderer Art
,2024,6,10,3,Unfall mit Leichtverletzten,9.0,1.0,0.0,0.0,0.0,0.0,0.0,0.0,8.540454389000047,49.51921092400005,,,Fahrunfall,Fahrrad,Abkommen von Fahrbahn nach links
,2024,6,9,3,Unfall mit Leichtverletzten,5.0,3.0,0.0,1.0,0.0,0.0,0.0,0.0,8.48111444500006,49.45682922900005,,,Einbiegen / Kreuzen-Unfall,"Fahrrad, Pkw",Zusammenstoß mit einbiegendem / kreuzendem Fahrzeug
,2024,6,8,3,Unfall mit Leichtverletzten,0.0,7.0,0.0,0.0,0.0,0.0,0.0,0.0,8.477300207000042,49.49954783200008,,,sonstiger Unfall,Fahrrad,Unfall anderer Art
,2024,6,19,2,Unfall mit Leichtverletzten,5.0,3.0,0.0,1.0,0.0,0.0,0.0,0.0,8.465372775000048,49.48430852100006,,,Einbiegen / Kreuzen-Unfall,"Fahrrad, Pkw",Zusammenstoß mit einbiegendem / kreuzendem Fahrzeug
,2024,6,17,2,Unfall mit Leichtverletzten,0.0,7.0,0.0,0.0,0.0,0.0,0.0,0.0,8.487464278000061,49.49721179900007,,,sonstiger Unfall,Fahrrad,Unfall anderer Art
,2024,6,16,2,Unfall mit Schwerverletzten,0.0,7.0,0.0,0.0,0.0,0.0,0.0,0.0,8.51795418000006,49.47961648700005,,,sonstiger Unfall,Fahrrad,Unfall anderer Art
,2024,6,13,2,Unfall mit Leichtverletzten,5.0,3.0,0.0,1.0,0.0,0.0,0.0,0.0,8.510422228000039,49.44662099600004,,,Einbiegen / Kreuzen-Unfall,"Fahrrad, Pkw",Zusammenstoß mit einbiegendem / kreuzendem Fahrzeug
,2024,5,21,7,Unfall mit Leichtverletzten,5.0,3.0,0.0,0.0,0.0,0.0,0.0,1.0,8.487014675000069,49.49649010300004,,,Einbiegen / Kreuzen-Unfall,"Fahrrad, Tram/Bus (bis 2017 auch LKW)",Zusammenstoß mit einbiegendem / kreuzendem Fahrzeug
,2024,5,17,7,Unfall mit Leichtverletzten,4.0,6.0,0.0,0.0,0.0,0.0,0.0,1.0,8.525318809000055,49.509702170000025,,,Unfall im Längsverkehr,"Fahrrad, Tram/Bus (bis 2017 auch LKW)",Zusammenstoß mit entgegenkommendem Fahrzeug
,2024,5,15,7,Unfall mit Leichtverletzten,1.0,5.0,0.0,1.0,0.0,0.0,0.0,0.0,8.467651528000033,49.486163416000075,,,Unfall durch ruhenden Verkehr,"Fahrrad, Pkw",Zusammenstoß mit anfahrendem/ anhaltendem/ ruhendem Fahrzeug
,2024,5,15,7,Unfall mit Leichtverletzten,3.0,6.0,0.0,0.0,0.0,0.0,0.0,0.0,8.50687414400005,49.471660230000055,,,Unfall im Längsverkehr,Fahrrad,Zusammenstoß mit seitlich in gleicher Richtung fahrendem Fahrzeug
,2024,5,15,6,Unfall mit Leichtverletzten,6.0,7.0,0.0,0.0,1.0,0.0,0.0,0.0,8.47261407800005,49.482650873000075,,,sonstiger Unfall,"Fahrrad, Fußgänger",Zusammenstoß zwischen Fahrzeug und Fußgänger
,2024,5,14,6,Unfall mit Leichtverletzten,5.0,3.0,0.0,1.0,0.0,0.0,0.0,0.0,8.522701306000044,49.51128719500008,,,Einbiegen / Kreuzen-Unfall,"Fahrrad, Pkw",Zusammenstoß mit einbiegendem / kreuzendem Fahrzeug
,2024,5,12,6,Unfall mit Leichtverletzten,6.0,4.0,0.0,0.0,1.0,0.0,0.0,0.0,8.49550530700003,49.47912403600003,,,Überschreiten-Unfall,"Fahrrad, Fußgänger",Zusammenstoß zwischen Fahrzeug und Fußgänger
,2024,5,11,6,Unfall mit Schwerverletzten,0.0,2.0,0.0,0.0,0.0,0.0,0.0,0.0,8.476355668000053,49.49704417700008,,,Abbiegeunfall,Fahrrad,Unfall anderer Art
,2024,5,16,5,Unfall mit Leichtverletzten,5.0,2.0,0.0,1.0,0.0,0.0,0.0,0.0,8.477305482000077,49.48590288400004,,,Abbiegeunfall,"Fahrrad, Pkw",Zusammenstoß mit einbiegendem / kreuzendem Fahrzeug
,2024,5,14,5,Unfall mit Leichtverletzten,5.0,2.0,0.0,1.0,0.0,0.0,0.0,0.0,8.478099863000068,49.54690445300008,,,Abbiegeunfall,"Fahrrad, Pkw",Zusammenstoß mit einbiegendem / kreuzendem Fahrzeug
,2024,5,12,5,Unfall mit Leichtverletzten,3.0,6.0,0.0,0.0,0.0,0.0,0.0,1.0,8.469233545000066,49.49229473300005,,,Unfall im Längsverkehr,"Fahrrad, Tram/Bus (bis 2017 auch LKW)",Zusammenstoß mit seitlich in gleicher Richtung fahrendem Fahrzeug
,2024,5,9,5,Unfall mit Leichtverletzten,0.0,7.0,0.0,0.0,0.0,0.0,0.0,0.0,8.564892292000025,49.46561045100003,,,sonstiger Unfall,Fahrrad,Unfall anderer Art
,2024,5,22,4,Unfall mit Leichtverletzten,5.0,3.0,2.0,1.0,0.0,0.0,0.0,0.0,8.480822531000058,49.48184679000008,,,Einbiegen / Kreuzen-Unfall,"Fahrrad, Pkw",Zusammenstoß mit einbiegendem / kreuzendem Fahrzeug
,2024,5,19,4,Unfall mit Schwerverletzten,5.0,3.0,0.0,1.0,0.0,0.0,0.0,0.0,8.465633704000027,49.48332730900007,,,Einbiegen / Kreuzen-Unfall,"Fahrrad, Pkw",Zusammenstoß mit einbiegendem / kreuzendem Fahrzeug
,2024,5,17,4,Unfall mit Leichtverletzten,1.0,5.0,0.0,1.0,0.0,0.0,0.0,0.0,8.490276964000032,49.500157012000045,,,Unfall durch ruhenden Verkehr,"Fahrrad, Pkw",Zusammenstoß mit anfahrendem/ anhaltendem/ ruhendem Fahrzeug
,2024,5,16,4,Unfall mit Leichtverletzten,3.0,5.0,0.0,0.0,0.0,0.0,0.0,1.0,8.466218664000053,49.49025615400007,,,Unfall durch ruhenden Verkehr,"Fahrrad, Tram/Bus (bis 2017 auch LKW)",Zusammenstoß mit seitlich in gleicher Richtung fahrendem Fahrzeug
,2024,5,16,4,Unfall mit Leichtverletzten,0.0,7.0,0.0,1.0,0.0,0.0,0.0,0.0,8.525840119000065,49.43767411800008,,,sonstiger Unfall,"Fahrrad, Pkw",Unfall anderer Art
,2024,5,17,3,Unfall mit Leichtverletzten,3.0,2.0,0.0,1.0,0.0,0.0,0.0,0.0,8.493444169000043,49.50087408300004,,,Abbiegeunfall,"Fahrrad, Pkw",Zusammenstoß mit seitlich in gleicher Richtung fahrendem Fahrzeug
,2024,5,16,3,Unfall mit Leichtverletzten,3.0,5.0,0.0,1.0,0.0,0.0,0.0,0.0,8.471170308000069,49.48238504200003,,,Unfall durch ruhenden Verkehr,"Fahrrad, Pkw",Zusammenstoß mit seitlich in gleicher Richtung fahrendem Fahrzeug
,2024,5,15,3,Unfall mit Leichtverletzten,4.0,2.0,0.0,1.0,0.0,0.0,0.0,0.0,8.500132583000038,49.50144138700006,,,Abbiegeunfall,"Fahrrad, Pkw",Zusammenstoß mit entgegenkommendem Fahrzeug
,2024,5,14,3,Unfall mit Leichtverletzten,5.0,3.0,0.0,1.0,0.0,0.0,0.0,0.0,8.474459806000027,49.47265028900006,,,Einbiegen / Kreuzen-Unfall,"Fahrrad, Pkw",Zusammenstoß mit einbiegendem / kreuzendem Fahrzeug
,2024,5,11,3,Unfall mit Leichtverletzten,5.0,3.0,0.0,1.0,0.0,0.0,0.0,0.0,8.483729706000076,49.46983300000005,,,Einbiegen / Kreuzen-Unfall,"Fahrrad, Pkw",Zusammenstoß mit einbiegendem / kreuzendem Fahrzeug
,2024,5,9,3,Unfall mit Leichtverletzten,1.0,5.0,0.0,1.0,0.0,0.0,0.0,0.0,8.469893478000074,49.472224510000046,,,Unfall durch ruhenden Verkehr,"Fahrrad, Pkw",Zusammenstoß mit anfahrendem/ anhaltendem/ ruhendem Fahrzeug
,2024,5,9,3,Unfall mit Leichtverletzten,5.0,3.0,0.0,1.0,0.0,0.0,0.0,0.0,8.48903260000003,49.52878845400005,,,Einbiegen / Kreuzen-Unfall,"Fahrrad, Pkw",Zusammenstoß mit einbiegendem / kreuzendem Fahrzeug
,2024,5,19,2,Unfall mit Leichtverletzten,3.0,6.0,0.0,0.0,0.0,0.0,0.0,0.0,8.516312655000036,49.48007140100003,,,Unfall im Längsverkehr,Fahrrad,Zusammenstoß mit seitlich in gleicher Richtung fahrendem Fahrzeug
,2024,5,10,2,Unfall mit Leichtverletzten,4.0,6.0,0.0,1.0,0.0,0.0,0.0,0.0,8.556704010000033,49.46099280700008,,,Unfall im Längsverkehr,"Fahrrad, Pkw",Zusammenstoß mit entgegenkommendem Fahrzeug
,2024,5,9,2,Unfall mit Leichtverletzten,3.0,2.0,0.0,1.0,0.0,0.0,0.0,0.0,8.471063894000054,49.48119938900004,,,Abbiegeunfall,"Fahrrad, Pkw",Zusammenstoß mit seitlich in gleicher Richtung fahrendem Fahrzeug
,2024,4,14,7,Unfall mit Leichtverletzten,3.0,6.0,0.0,1.0,0.0,0.0,0.0,0.0,8.54129247800006,49.49879217300003,,,Unfall im Längsverkehr,"Fahrrad, Pkw",Zusammenstoß mit seitlich in gleicher Richtung fahrendem Fahrzeug
,2024,4,13,7,Unfall mit Leichtverletzten,1.0,5.0,0.0,1.0,0.0,0.0,0.0,0.0,8.522821128000032,49.43416216900005,,,Unfall durch ruhenden Verkehr,"Fahrrad, Pkw",Zusammenstoß mit anfahrendem/ anhaltendem/ ruhendem Fahrzeug
,2024,4,16,6,Unfall mit Leichtverletzten,5.0,7.0,0.0,1.0,0.0,0.0,0.0,0.0,8.493317047000062,49.50500393300007,,,sonstiger Unfall,"Fahrrad, Pkw",Zusammenstoß mit einbiegendem / kreuzendem Fahrzeug
,2024,4,16,6,Unfall mit Leichtverletzten,5.0,2.0,0.0,0.0,0.0,0.0,0.0,0.0,8.529440746000034,49.47614594700008,,,Abbiegeunfall,Fahrrad,Zusammenstoß mit einbiegendem / kreuzendem Fahrzeug
,2024,4,14,6,Unfall mit Leichtverletzten,5.0,3.0,0.0,1.0,0.0,0.0,0.0,0.0,8.493265117000021,49.521835761000034,,,Einbiegen / Kreuzen-Unfall,"Fahrrad, Pkw",Zusammenstoß mit einbiegendem / kreuzendem Fahrzeug
,2024,4,12,6,Unfall mit Leichtverletzten,5.0,3.0,0.0,1.0,0.0,0.0,0.0,0.0,8.473546268000064,49.548506821000046,,,Einbiegen / Kreuzen-Unfall,"Fahrrad, Pkw",Zusammenstoß mit einbiegendem / kreuzendem Fahrzeug
,2024,4,10,6,Unfall mit Schwerverletzten,0.0,7.0,0.0,0.0,0.0,0.0,0.0,1.0,8.514998718000072,49.45408684900008,,,sonstiger Unfall,"Fahrrad, Tram/Bus (bis 2017 auch LKW)",Unfall anderer Art
,2024,4,17,5,Unfall mit Schwerverletzten,5.0,3.0,0.0,0.0,0.0,0.0,0.0,0.0,8.518084510000051,49.53531292900004,,,Einbiegen / Kreuzen-Unfall,Fahrrad,Zusammenstoß mit einbiegendem / kreuzendem Fahrzeug
,2024,4,16,5,Unfall mit Leichtverletzten,5.0,3.0,0.0,1.0,0.0,0.0,0.0,0.0,8.481033594000053,49.53564385900006,,,Einbiegen / Kreuzen-Unfall,"Fahrrad, Pkw",Zusammenstoß mit einbiegendem / kreuzendem Fahrzeug
,2024,4,17,4,Unfall mit Leichtverletzten,1.0,5.0,0.0,1.0,0.0,0.0,0.0,0.0,8.533361468000066,49.48432911700007,,,Unfall durch ruhenden Verkehr,"Fahrrad, Pkw",Zusammenstoß mit anfahrendem/ anhaltendem/ ruhendem Fahrzeug
,2024,4,16,4,Unfall mit Leichtverletzten,0.0,7.0,0.0,0.0,0.0,0.0,0.0,0.0,8.476759784000024,49.48529407000007,,,sonstiger Unfall,Fahrrad,Unfall anderer Art
,2024,4,15,4,Unfall mit Leichtverletzten,3.0,2.0,0.0,1.0,0.0,0.0,0.0,0.0,8.465713933000075,49.50745345500008,,,Abbiegeunfall,"Fahrrad, Pkw",Zusammenstoß mit seitlich in gleicher Richtung fahrendem Fahrzeug
,2024,4,15,4,Unfall mit Leichtverletzten,5.0,3.0,0.0,0.0,0.0,0.0,0.0,1.0,8.476687104000064,49.46269478200002,,,Einbiegen / Kreuzen-Unfall,"Fahrrad, Tram/Bus (bis 2017 auch LKW)",Zusammenstoß mit einbiegendem / kreuzendem Fahrzeug
,2024,4,14,4,Unfall mit Leichtverletzten,3.0,5.0,0.0,1.0,0.0,0.0,0.0,0.0,8.525374579000072,49.43611461900008,,,Unfall durch ruhenden Verkehr,"Fahrrad, Pkw",Zusammenstoß mit seitlich in gleicher Richtung fahrendem Fahrzeug
,2024,4,11,4,Unfall mit Leichtverletzten,4.0,6.0,0.0,0.0,0.0,0.0,0.0,0.0,8.471698612000068,49.511865812000046,,,Unfall im Längsverkehr,Fahrrad,Zusammenstoß mit entgegenkommendem Fahrzeug
,2024,4,9,4,Unfall mit Leichtverletzten,5.0,3.0,0.0,1.0,0.0,0.0,0.0,0.0,8.460070957000028,49.49098371100007,,,Einbiegen / Kreuzen-Unfall,"Fahrrad, Pkw",Zusammenstoß mit einbiegendem / kreuzendem Fahrzeug
,2024,4,17,3,Unfall mit Leichtverletzten,5.0,3.0,0.0,1.0,0.0,0.0,0.0,0.0,8.48088326900006,49.54457513900008,,,Einbiegen / Kreuzen-Unfall,"Fahrrad, Pkw",Zusammenstoß mit einbiegendem / kreuzendem Fahrzeug
,2024,4,15,3,Unfall mit Leichtverletzten,5.0,5.0,0.0,0.0,0.0,0.0,0.0,0.0,8.460227796000027,49.492001327000025,,,Unfall durch ruhenden Verkehr,Fahrrad,Zusammenstoß mit einbiegendem / kreuzendem Fahrzeug
,2024,4,11,3,Unfall mit Leichtverletzten,0.0,7.0,0.0,0.0,0.0,0.0,0.0,0.0,8.456879036000032,49.490511784000034,,,sonstiger Unfall,Fahrrad,Unfall anderer Art
,2024,4,11,3,Unfall mit Leichtverletzten,5.0,5.0,0.0,1.0,0.0,0.0,0.0,0.0,8.489485340000044,49.47364553300008,,,Unfall durch ruhenden Verkehr,"Fahrrad, Pkw",Zusammenstoß mit einbiegendem / kreuzendem Fahrzeug
,2024,4,0,3,Unfall mit Schwerverletzten,0.0,7.0,2.0,0.0,0.0,0.0,0.0,0.0,8.473520309000037,49.45607711100007,,,sonstiger Unfall,Fahrrad,Unfall anderer Art
,2024,4,17,2,Unfall mit Leichtverletzten,5.0,3.0,0.0,1.0,0.0,0.0,0.0,0.0,8.481887594000057,49.45657471800007,,,Einbiegen / Kreuzen-Unfall,"Fahrrad, Pkw",Zusammenstoß mit einbiegendem / kreuzendem Fahrzeug
,2024,4,16,2,Unfall mit Leichtverletzten,5.0,3.0,0.0,1.0,0.0,0.0,0.0,0.0,8.497278864000066,49.450483133000034,,,Einbiegen / Kreuzen-Unfall,"Fahrrad, Pkw",Zusammenstoß mit einbiegendem / kreuzendem Fahrzeug
,2024,4,11,2,Unfall mit Leichtverletzten,5.0,3.0,0.0,1.0,0.0,0.0,0.0,0.0,8.481859472000053,49.52580881500006,,,Einbiegen / Kreuzen-Unfall,"Fahrrad, Pkw",Zusammenstoß mit einbiegendem / kreuzendem Fahrzeug
,2024,4,7,2,Unfall mit Leichtverletzten,5.0,3.0,0.0,1.0,0.0,0.0,0.0,0.0,8.522863834000077,49.49500081700006,,,Einbiegen / Kreuzen-Unfall,"Fahrrad, Pkw",Zusammenstoß mit einbiegendem / kreuzendem Fahrzeug