OBJECTID,UJAHR,UMONAT,USTUNDE,UWOCHENTAG,UKATEGORIE,UART,UTYP1,ULICHTVERH,IstPKW,IstFuss,IstKrad,IstGkfz,IstSonstige,Longitude,Latitude,Kommentar,Stadtteil,typ,involved,art
,2023,4,14,4,Unfall mit Schwerverletzten,3.0,2.0,0.0,1.0,0.0,0.0,0.0,0.0,8.556690586000059,49.51166329100005,,,Abbiegeunfall,"Fahrrad, Pkw",Zusammenstoß mit seitlich in gleicher Richtung fahrendem Fahrzeug
,2023,4,8,4,Unfall mit Leichtverletzten,4.0,6.0,0.0,0.0,0.0,0.0,0.0,0.0,8.471060636000061,49.493425683000055,,,Unfall im Längsverkehr,Fahrrad,Zusammenstoß mit entgegenkommendem Fahrzeug
,2023,4,5,4,Unfall mit Leichtverletzten,3.0,2.0,0.0,1.0,0.0,0.0,0.0,0.0,8.49603545900004,49.51503964400007,,,Abbiegeunfall,"Fahrrad, Pkw",Zusammenstoß mit seitlich in gleicher Richtung fahrendem Fahrzeug
,2023,4,17,3,Unfall mit Leichtverletzten,3.0,2.0,0.0,1.0,0.0,0.0,0.0,0.0,8.468691052000054,49.48576091300004,,,Abbiegeunfall,"Fahrrad, Pkw",Zusammenstoß mit seitlich in gleicher Richtung fahrendem Fahrzeug
,2023,4,12,2,Unfall mit Leichtverletzten,5.0,5.0,0.0,1.0,0.0,0.0,0.0,0.0,8.487335248000022,49.475075727000046,,,Unfall durch ruhenden Verkehr,"Fahrrad, Pkw",Zusammenstoß mit einbiegendem / kreuzendem Fahrzeug
,2023,4,11,2,Unfall mit Schwerverletzten,5.0,3.0,0.0,0.0,0.0,0.0,0.0,1.0,8.509123844000044,49.44628791600008,,,Einbiegen / Kreuzen-Unfall,"Fahrrad, Tram/Bus (bis 2017 auch LKW)",Zusammenstoß mit einbiegendem / kreuzendem Fahrzeug
,2023,4,16,1,Unfall mit Schwerverletzten,4.0,6.0,0.0,0.0,0.0,0.0,0.0,0.0,8.518161168000063,49.516545095000026,,,Unfall im Längsverkehr,Fahrrad,Zusammenstoß mit entgegenkommendem Fahrzeug
,2023,4,0,1,Unfall mit Leichtverletzten,5.0,5.0,2.0,1.0,0.0,0.0,0.0,0.0,8.46332953600006,49.487833213000044,,,Unfall durch ruhenden Verkehr,"Fahrrad, Pkw",Zusammenstoß mit einbiegendem / kreuzendem Fahrzeug
,2023,3,18,7,Unfall mit Leichtverletzten,3.0,6.0,1.0,1.0,0.0,0.0,0.0,0.0,8.471664881000038,49.492495562000045,,,Unfall im Längsverkehr,"Fahrrad, Pkw",Zusammenstoß mit seitlich in gleicher Richtung fahrendem Fahrzeug
,2023,3,18,7,Unfall mit Leichtverletzten,3.0,5.0,1.0,1.0,0.0,0.0,0.0,0.0,8.46760779300007,49.486180241000056,,,Unfall durch ruhenden Verkehr,"Fahrrad, Pkw",Zusammenstoß mit seitlich in gleicher Richtung fahrendem Fahrzeug
,2023,3,17,7,Unfall mit Leichtverletzten,5.0,3.0,0.0,1.0,0.0,0.0,0.0,0.0,8.48618168300004,49.49591556800005,,,Einbiegen / Kreuzen-Unfall,"Fahrrad, Pkw",Zusammenstoß mit einbiegendem / kreuzendem Fahrzeug
,2023,3,11,7,Unfall mit Leichtverletzten,3.0,5.0,0.0,0.0,0.0,0.0,0.0,1.0,8.468784883000069,49.48759335400007,,,Unfall durch ruhenden Verkehr,"Fahrrad, Tram/Bus (bis 2017 auch LKW)",Zusammenstoß mit seitlich in gleicher Richtung fahrendem Fahrzeug
,2023,3,17,6,Unfall mit Leichtverletzten,0.0,7.0,0.0,0.0,0.0,0.0,0.0,0.0,8.450040858000023,49.54957567000008,,,sonstiger Unfall,Fahrrad,Unfall anderer Art
,2023,3,17,6,Unfall mit Leichtverletzten,3.0,2.0,0.0,1.0,0.0,0.0,0.0,0.0,8.472490608000044,49.46466646900007,,,Abbiegeunfall,"Fahrrad, Pkw",Zusammenstoß mit seitlich in gleicher Richtung fahrendem Fahrzeug
,2023,3,13,6,Unfall mit Leichtverletzten,5.0,2.0,0.0,0.0,0.0,0.0,0.0,1.0,8.505715601000077,49.50686368500004,,,Abbiegeunfall,"Fahrrad, Tram/Bus (bis 2017 auch LKW)",Zusammenstoß mit einbiegendem / kreuzendem Fahrzeug
,2023,3,13,6,Unfall mit Leichtverletzten,0.0,5.0,0.0,1.0,0.0,0.0,0.0,0.0,8.471295979000047,49.48663136100004,,,Unfall durch ruhenden Verkehr,"Fahrrad, Pkw",Unfall anderer Art
,2023,3,11,6,Unfall mit Leichtverletzten,5.0,3.0,0.0,1.0,0.0,0.0,0.0,0.0,8.481568933000062,49.52785577200007,,,Einbiegen / Kreuzen-Unfall,"Fahrrad, Pkw",Zusammenstoß mit einbiegendem / kreuzendem Fahrzeug
,2023,3,22,5,Unfall mit Leichtverletzten,1.0,5.0,2.0,1.0,0.0,0.0,0.0,0.0,8.473402971000041,49.467122680000045,,,Unfall durch ruhenden Verkehr,"Fahrrad, Pkw",Zusammenstoß mit anfahrendem/ anhaltendem/ ruhendem Fahrzeug
,2023,3,19,5,Unfall mit Leichtverletzten,5.0,3.0,2.0,1.0,0.0,0.0,0.0,0.0,8.478214195000021,49.48679308900006,,,Einbiegen / Kreuzen-Unfall,"Fahrrad, Pkw",Zusammenstoß mit einbiegendem / kreuzendem Fahrzeug
,2023,3,15,5,Unfall mit Leichtverletzten,5.0,3.0,0.0,1.0,0.0,0.0,0.0,0.0,8.539533326000026,49.51311985500007,,,Einbiegen / Kreuzen-Unfall,"Fahrrad, Pkw",Zusammenstoß mit einbiegendem / kreuzendem Fahrzeug
,2023,3,14,5,Unfall mit Leichtverletzten,5.0,3.0,0.0,1.0,0.0,0.0,0.0,0.0,8.46699841000003,49.471563338000074,,,Einbiegen / Kreuzen-Unfall,"Fahrrad, Pkw",Zusammenstoß mit einbiegendem / kreuzendem Fahrzeug
,2023,3,13,5,Unfall mit Schwerverletzten,3.0,2.0,0.0,1.0,0.0,0.0,0.0,0.0,8.490127622000045,49.46135837800006,,,Abbiegeunfall,"Fahrrad, Pkw",Zusammenstoß mit seitlich in gleicher Richtung fahrendem Fahrzeug
,2023,3,11,5,Unfall mit Schwerverletzten,5.0,3.0,0.0,1.0,0.0,0.0,0.0,0.0,8.490111373000047,49.45791856500006,,,Einbiegen / Kreuzen-Unfall,"Fahrrad, Pkw",Zusammenstoß mit einbiegendem / kreuzendem Fahrzeug
,2023,3,10,5,Unfall mit Leichtverletzten,5.0,3.0,0.0,1.0,0.0,0.0,0.0,0.0,8.488313625000046,49.49754080000008,,,Einbiegen / Kreuzen-Unfall,"Fahrrad, Pkw",Zusammenstoß mit einbiegendem / kreuzendem Fahrzeug
,2023,3,8,5,Unfall mit Leichtverletzten,5.0,3.0,0.0,1.0,0.0,0.0,0.0,0.0,8.480560572000059,49.52215112400006,,,Einbiegen / Kreuzen-Unfall,"Fahrrad, Pkw",Zusammenstoß mit einbiegendem / kreuzendem Fahrzeug
,2023,3,7,5,Unfall mit Leichtverletzten,5.0,3.0,0.0,0.0,0.0,0.0,0.0,1.0,8.529345613000032,49.490437687000046,,,Einbiegen / Kreuzen-Unfall,"Fahrrad, Tram/Bus (bis 2017 auch LKW)",Zusammenstoß mit einbiegendem / kreuzendem Fahrzeug
,2023,3,20,4,Unfall mit Leichtverletzten,4.0,2.0,2.0,1.0,0.0,0.0,0.0,0.0,8.49201221800007,49.45896788800008,,,Abbiegeunfall,"Fahrrad, Pkw",Zusammenstoß mit entgegenkommendem Fahrzeug
,2023,3,14,4,Unfall mit Schwerverletzten,4.0,6.0,0.0,1.0,0.0,0.0,0.0,0.0,8.489743390000058,49.52831450600007,,,Unfall im Längsverkehr,"Fahrrad, Pkw",Zusammenstoß mit entgegenkommendem Fahrzeug
,2023,3,7,4,Unfall mit Schwerverletzten,5.0,3.0,0.0,1.0,0.0,0.0,0.0,0.0,8.497224325000047,49.51795430400006,,,Einbiegen / Kreuzen-Unfall,"Fahrrad, Pkw",Zusammenstoß mit einbiegendem / kreuzendem Fahrzeug
,2023,3,7,4,Unfall mit Leichtverletzten,5.0,3.0,0.0,0.0,0.0,0.0,0.0,1.0,8.522164584000052,49.51160347900003,,,Einbiegen / Kreuzen-Unfall,"Fahrrad, Tram/Bus (bis 2017 auch LKW)",Zusammenstoß mit einbiegendem / kreuzendem Fahrzeug
,2023,3,5,4,Unfall mit Schwerverletzten,5.0,3.0,2.0,1.0,0.0,0.0,0.0,0.0,8.449830848000033,49.50489455700006,,,Einbiegen / Kreuzen-Unfall,"Fahrrad, Pkw",Zusammenstoß mit einbiegendem / kreuzendem Fahrzeug
,2023,3,19,3,Unfall mit Leichtverletzten,2.0,6.0,2.0,0.0,0.0,0.0,0.0,1.0,8.504011589000072,49.47783790400007,,,Unfall im Längsverkehr,"Fahrrad, Tram/Bus (bis 2017 auch LKW)",Zusammenstoß mit vorausfahrendem / wartendem Fahrzeug
,2023,3,16,3,Unfall mit Leichtverletzten,5.0,5.0,0.0,1.0,0.0,1.0,0.0,0.0,8.488781826000036,49.46277418500006,,,Unfall durch ruhenden Verkehr,"Fahrrad, Pkw, Kraftrad",Zusammenstoß mit einbiegendem / kreuzendem Fahrzeug
,2023,3,7,3,Unfall mit Leichtverletzten,5.0,3.0,0.0,1.0,0.0,0.0,0.0,0.0,8.504498124000065,49.44510095500005,,,Einbiegen / Kreuzen-Unfall,"Fahrrad, Pkw",Zusammenstoß mit einbiegendem / kreuzendem Fahrzeug
,2023,3,17,2,Unfall mit Leichtverletzten,3.0,2.0,0.0,1.0,0.0,0.0,0.0,0.0,8.475887296000053,49.48707106400008,,,Abbiegeunfall,"Fahrrad, Pkw",Zusammenstoß mit seitlich in gleicher Richtung fahrendem Fahrzeug
,2023,3,16,2,Unfall mit Leichtverletzten,0.0,7.0,0.0,0.0,0.0,0.0,0.0,0.0,8.483706505000043,49.46984006000008,,,sonstiger Unfall,Fahrrad,Unfall anderer Art
,2023,3,13,2,Unfall mit Schwerverletzten,5.0,3.0,0.0,1.0,0.0,0.0,0.0,0.0,8.523605737000025,49.43873798700008,,,Einbiegen / Kreuzen-Unfall,"Fahrrad, Pkw",Zusammenstoß mit einbiegendem / kreuzendem Fahrzeug
,2023,2,22,7,Unfall mit Leichtverletzten,3.0,6.0,2.0,1.0,0.0,0.0,0.0,0.0,8.476179681000076,49.48723897600007,,,Unfall im Längsverkehr,"Fahrrad, Pkw",Zusammenstoß mit seitlich in gleicher Richtung fahrendem Fahrzeug
,2023,2,15,6,Unfall mit Leichtverletzten,0.0,3.0,0.0,1.0,0.0,0.0,0.0,0.0,8.477244412000061,49.48597080700006,,,Einbiegen / Kreuzen-Unfall,"Fahrrad, Pkw",Unfall anderer Art
,2023,2,11,6,Unfall mit Leichtverletzten,5.0,3.0,0.0,1.0,0.0,0.0,0.0,0.0,8.49020414000006,49.52813467100003,,,Einbiegen / Kreuzen-Unfall,"Fahrrad, Pkw",Zusammenstoß mit einbiegendem / kreuzendem Fahrzeug
,2023,2,17,5,Unfall mit Leichtverletzten,6.0,4.0,1.0,0.0,1.0,0.0,0.0,0.0,8.47870935800006,49.46214651900005,,,Überschreiten-Unfall,"Fahrrad, Fußgänger",Zusammenstoß zwischen Fahrzeug und Fußgänger
,2023,2,12,5,Unfall mit Leichtverletzten,5.0,3.0,0.0,1.0,0.0,0.0,0.0,0.0,8.464062599000044,49.49156555900004,,,Einbiegen / Kreuzen-Unfall,"Fahrrad, Pkw",Zusammenstoß mit einbiegendem / kreuzendem Fahrzeug
,2023,2,6,5,Unfall mit Leichtverletzten,5.0,3.0,0.0,1.0,0.0,0.0,0.0,0.0,8.505503557000054,49.47614842600007,,,Einbiegen / Kreuzen-Unfall,"Fahrrad, Pkw",Zusammenstoß mit einbiegendem / kreuzendem Fahrzeug
,2023,2,18,4,Unfall mit Leichtverletzten,0.0,6.0,1.0,1.0,0.0,0.0,0.0,0.0,8.510205989000042,49.50775982700002,,,Unfall im Längsverkehr,"Fahrrad, Pkw",Unfall anderer Art
,2023,2,9,4,Unfall mit Schwerverletzten,5.0,3.0,0.0,1.0,0.0,0.0,0.0,0.0,8.497121696000022,49.45085152400002,,,Einbiegen / Kreuzen-Unfall,"Fahrrad, Pkw",Zusammenstoß mit einbiegendem / kreuzendem Fahrzeug
,2023,2,19,3,Unfall mit Leichtverletzten,5.0,3.0,2.0,1.0,0.0,0.0,0.0,0.0,8.457080357000052,49.49209935300007,,,Einbiegen / Kreuzen-Unfall,"Fahrrad, Pkw",Zusammenstoß mit einbiegendem / kreuzendem Fahrzeug
,2023,2,7,3,Unfall mit Schwerverletzten,5.0,3.0,0.0,1.0,0.0,0.0,0.0,0.0,8.467390058000035,49.490190816000045,,,Einbiegen / Kreuzen-Unfall,"Fahrrad, Pkw",Zusammenstoß mit einbiegendem / kreuzendem Fahrzeug
,2023,2,19,2,Unfall mit Leichtverletzten,5.0,3.0,2.0,1.0,0.0,0.0,0.0,0.0,8.489276246000031,49.46238468300004,,,Einbiegen / Kreuzen-Unfall,"Fahrrad, Pkw",Zusammenstoß mit einbiegendem / kreuzendem Fahrzeug
,2023,2,14,2,Unfall mit Leichtverletzten,5.0,3.0,0.0,1.0,0.0,0.0,0.0,0.0,8.481125505000023,49.45683246100003,,,Einbiegen / Kreuzen-Unfall,"Fahrrad, Pkw",Zusammenstoß mit einbiegendem / kreuzendem Fahrzeug
,2023,2,11,2,Unfall mit Leichtverletzten,5.0,3.0,0.0,0.0,0.0,0.0,0.0,1.0,8.470819713000026,49.49275946800003,,,Einbiegen / Kreuzen-Unfall,"Fahrrad, Tram/Bus (bis 2017 auch LKW)",Zusammenstoß mit einbiegendem / kreuzendem Fahrzeug
,2023,2,8,2,Unfall mit Leichtverletzten,4.0,2.0,0.0,1.0,0.0,0.0,0.0,0.0,8.477125994000062,49.496478098000075,,,Abbiegeunfall,"Fahrrad, Pkw",Zusammenstoß mit entgegenkommendem Fahrzeug
,2023,2,11,1,Unfall mit Schwerverletzten,0.0,7.0,0.0,0.0,0.0,0.0,0.0,0.0,8.558179627000072,49.46969052600008,,,sonstiger Unfall,Fahrrad,Unfall anderer Art
,2023,1,19,7,Unfall mit Leichtverletzten,3.0,6.0,2.0,1.0,0.0,0.0,0.0,0.0,8.475421993000054,49.49009608400007,,,Unfall im Längsverkehr,"Fahrrad, Pkw",Zusammenstoß mit seitlich in gleicher Richtung fahrendem Fahrzeug
,2023,1,15,7,Unfall mit Leichtverletzten,3.0,6.0,0.0,1.0,0.0,0.0,0.0,0.0,8.545538118000024,49.48996347800005,,,Unfall im Längsverkehr,"Fahrrad, Pkw",Zusammenstoß mit seitlich in gleicher Richtung fahrendem Fahrzeug
,2023,1,18,5,Unfall mit Leichtverletzten,5.0,2.0,2.0,1.0,0.0,0.0,0.0,0.0,8.51520025800005,49.50961775800005,,,Abbiegeunfall,"Fahrrad, Pkw",Zusammenstoß mit einbiegendem / kreuzendem Fahrzeug
,2023,1,16,5,Unfall mit Leichtverletzten,0.0,7.0,0.0,0.0,0.0,0.0,0.0,0.0,8.497174724000047,49.50266984600007,,,sonstiger Unfall,Fahrrad,Unfall anderer Art
,2023,1,13,5,Unfall mit Leichtverletzten,5.0,3.0,0.0,1.0,0.0,0.0,0.0,0.0,8.498962466000023,49.45375825200006,,,Einbiegen / Kreuzen-Unfall,"Fahrrad, Pkw",Zusammenstoß mit einbiegendem / kreuzendem Fahrzeug
,2023,1,7,5,Unfall mit Leichtverletzten,1.0,6.0,1.0,0.0,0.0,0.0,0.0,0.0,8.577928118000045,49.45891735100008,,,Unfall im Längsverkehr,Fahrrad,Zusammenstoß mit anfahrendem/ anhaltendem/ ruhendem Fahrzeug
,2023,1,16,4,Unfall mit Leichtverletzten,0.0,7.0,2.0,0.0,0.0,0.0,0.0,0.0,8.504471186000046,49.477831450000046,,,sonstiger Unfall,Fahrrad,Unfall anderer Art
,2023,1,6,4,Unfall mit Leichtverletzten,0.0,1.0,2.0,0.0,0.0,0.0,0.0,0.0,8.524581247000071,49.44035570900007,,,Fahrunfall,Fahrrad,Unfall anderer Art
,2023,1,17,3,Unfall mit Leichtverletzten,5.0,3.0,0.0,1.0,0.0,0.0,0.0,0.0,8.519465184000069,49.421430962000045,,,Einbiegen / Kreuzen-Unfall,"Fahrrad, Pkw",Zusammenstoß mit einbiegendem / kreuzendem Fahrzeug
,2023,1,15,3,Unfall mit Leichtverletzten,3.0,6.0,0.0,1.0,0.0,0.0,1.0,0.0,8.485514244000058,49.46667132400007,,,Unfall im Längsverkehr,"Fahrrad, Pkw, LKW",Zusammenstoß mit seitlich in gleicher Richtung fahrendem Fahrzeug
,2023,1,10,3,Unfall mit Schwerverletzten,3.0,2.0,0.0,1.0,0.0,0.0,0.0,0.0,8.520796464000057,49.47749539300003,,,Abbiegeunfall,"Fahrrad, Pkw",Zusammenstoß mit seitlich in gleicher Richtung fahrendem Fahrzeug
,2023,1,9,3,Unfall mit Leichtverletzten,5.0,3.0,0.0,1.0,0.0,0.0,0.0,0.0,8.488146653000058,49.46356678700005,,,Einbiegen / Kreuzen-Unfall,"Fahrrad, Pkw",Zusammenstoß mit einbiegendem / kreuzendem Fahrzeug
,2023,1,7,3,Unfall mit Leichtverletzten,3.0,2.0,0.0,1.0,0.0,0.0,0.0,0.0,8.479720392000047,49.488495415000045,,,Abbiegeunfall,"Fahrrad, Pkw",Zusammenstoß mit seitlich in gleicher Richtung fahrendem Fahrzeug
,2023,1,17,2,Unfall mit Leichtverletzten,3.0,6.0,2.0,1.0,0.0,0.0,0.0,0.0,8.56925416200005,49.442228904000046,,,Unfall im Längsverkehr,"Fahrrad, Pkw",Zusammenstoß mit seitlich in gleicher Richtung fahrendem Fahrzeug
,2023,1,17,2,Unfall mit Leichtverletzten,4.0,6.0,1.0,1.0,0.0,0.0,0.0,0.0,8.56445337100007,49.45798853400004,,,Unfall im Längsverkehr,"Fahrrad, Pkw",Zusammenstoß mit entgegenkommendem Fahrzeug
,2023,1,12,2,Unfall mit Leichtverletzten,5.0,3.0,0.0,1.0,0.0,0.0,0.0,0.0,8.482136276000062,49.47419088600003,,,Einbiegen / Kreuzen-Unfall,"Fahrrad, Pkw",Zusammenstoß mit einbiegendem / kreuzendem Fahrzeug
,2023,1,11,2,Unfall mit Leichtverletzten,1.0,5.0,0.0,1.0,0.0,0.0,0.0,0.0,8.495339255000033,49.49890513200006,,,Unfall durch ruhenden Verkehr,"Fahrrad, Pkw",Zusammenstoß mit anfahrendem/ anhaltendem/ ruhendem Fahrzeug
,2023,1,8,2,Unfall mit Schwerverletzten,5.0,3.0,0.0,1.0,0.0,0.0,0.0,0.0,8.506783176000056,49.50949281200008,,,Einbiegen / Kreuzen-Unfall,"Fahrrad, Pkw",Zusammenstoß mit einbiegendem / kreuzendem Fahrzeug
,2023,1,8,2,Unfall mit Leichtverletzten,5.0,3.0,0.0,1.0,0.0,0.0,0.0,0.0,8.466424079000035,49.49057395100005,,,Einbiegen / Kreuzen-Unfall,"Fahrrad, Pkw",Zusammenstoß mit einbiegendem / kreuzendem Fahrzeug
,2023,1,16,1,Unfall mit Leichtverletzten,0.0,7.0,0.0,0.0,0.0,0.0,0.0,0.0,8.477608694000025,49.51761100200008,,,sonstiger Unfall,Fahrrad,Unfall anderer Art
207481.0,2022,12,13,7,Unfall mit Leichtverletzten,5.0,2.0,0.0,1.0,0.0,0.0,0.0,0.0,8.50310316500003,49.50329757200009,,,Abbiegeunfall,"Fahrrad, Pkw",Zusammenstoß mit einbiegendem / kreuzendem Fahrzeug
206867.0,2022,12,12,7,Unfall mit Schwerverletzten,5.0,3.0,0.0,1.0,0.0,0.0,0.0,0.0,8.48102095000007,49.478200545,,,Einbiegen / Kreuzen-Unfall,"Fahrrad, Pkw",Zusammenstoß mit einbiegendem / kreuzendem Fahrzeug
208465.0,2022,12,19,6,Unfall mit Leichtverletzten,5.0,7.0,2.0,1.0,0.0,0.0,0.0,0.0,8.52699674000007,49.433997353000095,,,sonstiger Unfall,"Fahrrad, Pkw",Zusammenstoß mit einbiegendem / kreuzendem Fahrzeug
206901.0,2022,12,15,6,Unfall mit Leichtverletzten,5.0,3.0,0.0,1.0,0.0,0.0,0.0,0.0,8.48107647200004,49.456818131,,,Einbiegen / Kreuzen-Unfall,"Fahrrad, Pkw",Zusammenstoß mit einbiegendem / kreuzendem Fahrzeug
207795.0,2022,12,14,6,Unfall mit Schwerverletzten,7.0,1.0,0.0,0.0,0.0,0.0,0.0,0.0,8.46527909600007,49.4867516800001,,,Fahrunfall,Fahrrad,Aufprall auf Fahrbahnhindernis
207850.0,2022,12,13,6,Unfall mit Leichtverletzten,1.0,5.0,0.0,1.0,0.0,0.0,0.0,0.0,8.47673784000006,49.481042506000094,,,Unfall durch ruhenden Verkehr,"Fahrrad, Pkw",Zusammenstoß mit anfahrendem/ anhaltendem/ ruhendem Fahrzeug
207816.0,2022,12,11,6,Unfall mit Leichtverletzten,5.0,3.0,0.0,1.0,0.0,0.0,0.0,0.0,8.49250847200005,49.506952706,,,Einbiegen / Kreuzen-Unfall,"Fahrrad, Pkw",Zusammenstoß mit einbiegendem / kreuzendem Fahrzeug
208630.0,2022,12,11,6,Unfall mit Leichtverletzten,5.0,3.0,0.0,1.0,0.0,0.0,0.0,0.0,8.48723287500007,49.4648921290001,,,Einbiegen / Kreuzen-Unfall,"Fahrrad, Pkw",Zusammenstoß mit einbiegendem / kreuzendem Fahrzeug
208592.0,2022,12,10,6,Unfall mit Leichtverletzten,5.0,3.0,0.0,1.0,0.0,0.0,0.0,0.0,8.48757844500005,49.462548554000094,,,Einbiegen / Kreuzen-Unfall,"Fahrrad, Pkw",Zusammenstoß mit einbiegendem / kreuzendem Fahrzeug
207188.0,2022,12,8,6,Unfall mit Leichtverletzten,0.0,1.0,1.0,0.0,0.0,0.0,0.0,0.0,8.52787114600005,49.4312238470001,,,Fahrunfall,Fahrrad,Unfall anderer Art
207374.0,2022,12,9,5,Unfall mit Leichtverletzten,3.0,2.0,0.0,1.0,0.0,0.0,0.0,0.0,8.47235156900007,49.49735888200009,,,Abbiegeunfall,"Fahrrad, Pkw",Zusammenstoß mit seitlich in gleicher Richtung fahrendem Fahrzeug
208437.0,2022,12,22,4,Unfall mit Leichtverletzten,5.0,3.0,2.0,1.0,0.0,0.0,0.0,0.0,8.47620118700007,49.496130923000095,,,Einbiegen / Kreuzen-Unfall,"Fahrrad, Pkw",Zusammenstoß mit einbiegendem / kreuzendem Fahrzeug
208421.0,2022,12,11,4,Unfall mit Leichtverletzten,2.0,6.0,0.0,1.0,0.0,0.0,1.0,0.0,8.45779622700007,49.547721498,,,Unfall im Längsverkehr,"Fahrrad, Pkw, LKW",Zusammenstoß mit vorausfahrendem / wartendem Fahrzeug
208341.0,2022,12,19,3,Unfall mit Leichtverletzten,0.0,7.0,2.0,0.0,0.0,0.0,0.0,0.0,8.47976777500003,49.476569332000096,,,sonstiger Unfall,Fahrrad,Unfall anderer Art
208573.0,2022,12,17,3,Unfall mit Leichtverletzten,4.0,2.0,2.0,1.0,0.0,0.0,0.0,0.0,8.48457097500005,49.4859334990001,,,Abbiegeunfall,"Fahrrad, Pkw",Zusammenstoß mit entgegenkommendem Fahrzeug
208080.0,2022,12,11,3,Unfall mit Leichtverletzten,5.0,3.0,0.0,1.0,0.0,0.0,0.0,0.0,8.51409688100006,49.509654476,,,Einbiegen / Kreuzen-Unfall,"Fahrrad, Pkw",Zusammenstoß mit einbiegendem / kreuzendem Fahrzeug
207540.0,2022,12,18,2,Unfall mit Leichtverletzten,5.0,3.0,2.0,1.0,0.0,0.0,0.0,0.0,8.48373441500007,49.469831567,,,Einbiegen / Kreuzen-Unfall,"Fahrrad, Pkw",Zusammenstoß mit einbiegendem / kreuzendem Fahrzeug
96439.0,2022,12,10,2,Unfall mit Leichtverletzten,5.0,2.0,0.0,0.0,0.0,0.0,0.0,1.0,8.48716821300007,49.475119607000096,,,Abbiegeunfall,"Fahrrad, Tram/Bus (bis 2017 auch LKW)",Zusammenstoß mit einbiegendem / kreuzendem Fahrzeug
94314.0,2022,11,20,7,Unfall mit Leichtverletzten,5.0,2.0,2.0,1.0,0.0,0.0,0.0,0.0,8.48568185100004,49.530149307,,,Abbiegeunfall,"Fahrrad, Pkw",Zusammenstoß mit einbiegendem / kreuzendem Fahrzeug
207271.0,2022,11,17,7,Unfall mit Leichtverletzten,0.0,5.0,1.0,1.0,0.0,0.0,0.0,0.0,8.46388373500002,49.491569989,,,Unfall durch ruhenden Verkehr,"Fahrrad, Pkw",Unfall anderer Art
207479.0,2022,11,12,7,Unfall mit Leichtverletzten,0.0,7.0,0.0,0.0,0.0,0.0,0.0,1.0,8.47287934500002,49.48408131200009,,,sonstiger Unfall,"Fahrrad, Tram/Bus (bis 2017 auch LKW)",Unfall anderer Art
207630.0,2022,11,11,7,Unfall mit Leichtverletzten,3.0,2.0,0.0,1.0,0.0,0.0,0.0,0.0,8.46968175300003,49.4902447590001,,,Abbiegeunfall,"Fahrrad, Pkw",Zusammenstoß mit seitlich in gleicher Richtung fahrendem Fahrzeug
94751.0,2022,11,3,7,Unfall mit Schwerverletzten,0.0,6.0,2.0,0.0,0.0,0.0,0.0,1.0,8.48063754600003,49.489492857000094,,,Unfall im Längsverkehr,"Fahrrad, Tram/Bus (bis 2017 auch LKW)",Unfall anderer Art
206702.0,2022,11,22,6,Unfall mit Leichtverletzten,0.0,1.0,2.0,0.0,0.0,0.0,0.0,0.0,8.46756634700006,49.5172869790001,,,Fahrunfall,Fahrrad,Unfall anderer Art
94707.0,2022,11,18,6,Unfall mit Schwerverletzten,6.0,4.0,2.0,0.0,1.0,0.0,0.0,0.0,8.49150194100002,49.477647619,,,Überschreiten-Unfall,"Fahrrad, Fußgänger",Zusammenstoß zwischen Fahrzeug und Fußgänger
207218.0,2022,11,15,6,Unfall mit Leichtverletzten,5.0,2.0,0.0,1.0,0.0,0.0,0.0,0.0,8.47789695700004,49.472444663,,,Abbiegeunfall,"Fahrrad, Pkw",Zusammenstoß mit einbiegendem / kreuzendem Fahrzeug
94423.0,2022,11,7,6,Unfall mit Schwerverletzten,5.0,3.0,1.0,1.0,0.0,0.0,0.0,0.0,8.50596484100004,49.506940374000095,,,Einbiegen / Kreuzen-Unfall,"Fahrrad, Pkw",Zusammenstoß mit einbiegendem / kreuzendem Fahrzeug
206804.0,2022,11,17,5,Unfall mit Leichtverletzten,0.0,7.0,2.0,0.0,1.0,0.0,0.0,0.0,8.51245595100005,49.481217280000095,,,sonstiger Unfall,"Fahrrad, Fußgänger",Unfall anderer Art
207418.0,2022,11,17,5,Unfall mit Leichtverletzten,5.0,3.0,0.0,1.0,0.0,0.0,0.0,0.0,8.47131039800007,49.479497405000096,,,Einbiegen / Kreuzen-Unfall,"Fahrrad, Pkw",Zusammenstoß mit einbiegendem / kreuzendem Fahrzeug
207577.0,2022,11,15,5,Unfall mit Leichtverletzten,1.0,7.0,0.0,1.0,0.0,0.0,0.0,0.0,8.48820262800007,49.461814234,,,sonstiger Unfall,"Fahrrad, Pkw",Zusammenstoß mit anfahrendem/ anhaltendem/ ruhendem Fahrzeug
207321.0,2022,11,12,5,Unfall mit Leichtverletzten,5.0,2.0,0.0,1.0,0.0,0.0,0.0,0.0,8.48787867200002,49.464109712,,,Abbiegeunfall,"Fahrrad, Pkw",Zusammenstoß mit einbiegendem / kreuzendem Fahrzeug
207478.0,2022,11,9,5,Unfall mit Leichtverletzten,5.0,3.0,0.0,0.0,0.0,0.0,0.0,0.0,8.50862311900005,49.518916274,,,Einbiegen / Kreuzen-Unfall,Fahrrad,Zusammenstoß mit einbiegendem / kreuzendem Fahrzeug