OBJECTID,UJAHR,UMONAT,USTUNDE,UWOCHENTAG,UKATEGORIE,UART,UTYP1,ULICHTVERH,IstPKW,IstFuss,IstKrad,IstGkfz,IstSonstige,Longitude,Latitude,Kommentar,Stadtteil,typ,involved,art
197386.0,2022,4,11,5,Unfall mit Leichtverletzten,0.0,1.0,0.0,0.0,0.0,0.0,0.0,0.0,8.49080856300003,49.530899522,,,Fahrunfall,Fahrrad,Unfall anderer Art
198569.0,2022,4,8,5,Unfall mit Schwerverletzten,9.0,1.0,0.0,0.0,0.0,0.0,0.0,0.0,8.49214584000003,49.5067569080001,,,Fahrunfall,Fahrrad,Abkommen von Fahrbahn nach links
198221.0,2022,4,6,5,Unfall mit Schwerverletzten,5.0,3.0,0.0,0.0,0.0,0.0,0.0,1.0,8.44945327300007,49.54071214300009,,,Einbiegen / Kreuzen-Unfall,"Fahrrad, Tram/Bus (bis 2017 auch LKW)",Zusammenstoß mit einbiegendem / kreuzendem Fahrzeug
198329.0,2022,4,16,4,Unfall mit Leichtverletzten,5.0,2.0,0.0,0.0,0.0,1.0,0.0,0.0,8.47369880500003,49.4837639780001,,,Abbiegeunfall,"Fahrrad, Kraftrad",Zusammenstoß mit einbiegendem / kreuzendem Fahrzeug
197501.0,2022,4,15,4,Unfall mit Leichtverletzten,5.0,3.0,0.0,1.0,0.0,0.0,0.0,0.0,8.49072984000003,49.483060197,,,Einbiegen / Kreuzen-Unfall,"Fahrrad, Pkw",Zusammenstoß mit einbiegendem / kreuzendem Fahrzeug
198063.0,2022,4,12,4,Unfall mit Leichtverletzten,5.0,3.0,0.0,1.0,0.0,0.0,0.0,0.0,8.47727983800007,49.45400175,,,Einbiegen / Kreuzen-Unfall,"Fahrrad, Pkw",Zusammenstoß mit einbiegendem / kreuzendem Fahrzeug
199142.0,2022,4,10,4,Unfall mit Leichtverletzten,5.0,3.0,0.0,0.0,0.0,0.0,0.0,0.0,8.45806178600003,49.491661214,,,Einbiegen / Kreuzen-Unfall,Fahrrad,Zusammenstoß mit einbiegendem / kreuzendem Fahrzeug
82744.0,2022,4,15,3,Unfall mit Leichtverletzten,5.0,2.0,0.0,1.0,0.0,0.0,0.0,0.0,8.48716464000006,49.4751157100001,,,Abbiegeunfall,"Fahrrad, Pkw",Zusammenstoß mit einbiegendem / kreuzendem Fahrzeug
197503.0,2022,4,15,3,Unfall mit Leichtverletzten,5.0,3.0,0.0,1.0,0.0,0.0,0.0,0.0,8.47866509800002,49.4979587,,,Einbiegen / Kreuzen-Unfall,"Fahrrad, Pkw",Zusammenstoß mit einbiegendem / kreuzendem Fahrzeug
197991.0,2022,4,15,3,Unfall mit Leichtverletzten,5.0,3.0,0.0,1.0,0.0,0.0,0.0,0.0,8.44581067900003,49.5441988220001,,,Einbiegen / Kreuzen-Unfall,"Fahrrad, Pkw",Zusammenstoß mit einbiegendem / kreuzendem Fahrzeug
198572.0,2022,4,7,3,Unfall mit Leichtverletzten,0.0,1.0,0.0,0.0,0.0,0.0,0.0,0.0,8.46982034000007,49.496599764000095,,,Fahrunfall,Fahrrad,Unfall anderer Art
82358.0,2022,4,13,2,Unfall mit Leichtverletzten,1.0,3.0,0.0,1.0,0.0,0.0,0.0,0.0,8.49370679700007,49.500873189000096,,,Einbiegen / Kreuzen-Unfall,"Fahrrad, Pkw",Zusammenstoß mit anfahrendem/ anhaltendem/ ruhendem Fahrzeug
198274.0,2022,4,7,2,Unfall mit Leichtverletzten,0.0,7.0,0.0,0.0,0.0,0.0,0.0,0.0,8.50517160100003,49.443302922,,,sonstiger Unfall,Fahrrad,Unfall anderer Art
197619.0,2022,4,20,1,Unfall mit Leichtverletzten,0.0,1.0,0.0,0.0,0.0,0.0,0.0,0.0,8.47895049200002,49.482898393,,,Fahrunfall,Fahrrad,Unfall anderer Art
197579.0,2022,4,17,1,Unfall mit Leichtverletzten,5.0,2.0,0.0,1.0,0.0,0.0,0.0,0.0,8.47636835900005,49.4846871870001,,,Abbiegeunfall,"Fahrrad, Pkw",Zusammenstoß mit einbiegendem / kreuzendem Fahrzeug
197369.0,2022,4,14,1,Unfall mit Leichtverletzten,1.0,6.0,0.0,1.0,0.0,0.0,0.0,0.0,8.47850464300006,49.47761123200009,,,Unfall im Längsverkehr,"Fahrrad, Pkw",Zusammenstoß mit anfahrendem/ anhaltendem/ ruhendem Fahrzeug
197567.0,2022,4,0,1,Unfall mit Leichtverletzten,1.0,5.0,2.0,1.0,0.0,0.0,0.0,0.0,8.46886757900006,49.4875616780001,,,Unfall durch ruhenden Verkehr,"Fahrrad, Pkw",Zusammenstoß mit anfahrendem/ anhaltendem/ ruhendem Fahrzeug
197182.0,2022,3,15,7,Unfall mit Leichtverletzten,1.0,5.0,0.0,1.0,0.0,0.0,0.0,0.0,8.44713989500002,49.5426365270001,,,Unfall durch ruhenden Verkehr,"Fahrrad, Pkw",Zusammenstoß mit anfahrendem/ anhaltendem/ ruhendem Fahrzeug
196617.0,2022,3,12,7,Unfall mit Leichtverletzten,0.0,4.0,0.0,0.0,1.0,0.0,0.0,0.0,8.53728753900003,49.454557047,,,Überschreiten-Unfall,"Fahrrad, Fußgänger",Unfall anderer Art
196869.0,2022,3,12,7,Unfall mit Leichtverletzten,5.0,3.0,0.0,0.0,0.0,1.0,0.0,0.0,8.47170274200005,49.492629691,,,Einbiegen / Kreuzen-Unfall,"Fahrrad, Kraftrad",Zusammenstoß mit einbiegendem / kreuzendem Fahrzeug
196422.0,2022,3,11,7,Unfall mit Leichtverletzten,3.0,5.0,0.0,1.0,0.0,0.0,0.0,0.0,8.46752619900008,49.490456854000094,,,Unfall durch ruhenden Verkehr,"Fahrrad, Pkw",Zusammenstoß mit seitlich in gleicher Richtung fahrendem Fahrzeug
196457.0,2022,3,11,7,Unfall mit Schwerverletzten,0.0,5.0,0.0,1.0,0.0,0.0,0.0,0.0,8.47520346600004,49.496604828,,,Unfall durch ruhenden Verkehr,"Fahrrad, Pkw",Unfall anderer Art
198105.0,2022,3,11,7,Unfall mit Leichtverletzten,5.0,3.0,0.0,1.0,0.0,0.0,0.0,0.0,8.48631630700004,49.474362189,,,Einbiegen / Kreuzen-Unfall,"Fahrrad, Pkw",Zusammenstoß mit einbiegendem / kreuzendem Fahrzeug
196694.0,2022,3,15,6,Unfall mit Leichtverletzten,0.0,1.0,0.0,0.0,0.0,0.0,0.0,0.0,8.49618492900004,49.503868663,,,Fahrunfall,Fahrrad,Unfall anderer Art
197010.0,2022,3,12,6,Unfall mit Leichtverletzten,3.0,6.0,0.0,0.0,0.0,0.0,0.0,0.0,8.48837663100005,49.50029083,,,Unfall im Längsverkehr,Fahrrad,Zusammenstoß mit seitlich in gleicher Richtung fahrendem Fahrzeug
197622.0,2022,3,6,6,Unfall mit Leichtverletzten,5.0,3.0,0.0,1.0,0.0,0.0,0.0,0.0,8.55256785900002,49.468951023,,,Einbiegen / Kreuzen-Unfall,"Fahrrad, Pkw",Zusammenstoß mit einbiegendem / kreuzendem Fahrzeug
196224.0,2022,3,16,5,Unfall mit Leichtverletzten,0.0,7.0,0.0,0.0,0.0,0.0,0.0,0.0,8.47949403900003,49.497858238,,,sonstiger Unfall,Fahrrad,Unfall anderer Art
197778.0,2022,3,16,5,Unfall mit Schwerverletzten,4.0,7.0,0.0,1.0,0.0,0.0,0.0,0.0,8.48319636800005,49.479851861,,,sonstiger Unfall,"Fahrrad, Pkw",Zusammenstoß mit entgegenkommendem Fahrzeug
196736.0,2022,3,8,5,Unfall mit Leichtverletzten,4.0,2.0,0.0,1.0,0.0,0.0,0.0,0.0,8.47806398300003,49.489966279,,,Abbiegeunfall,"Fahrrad, Pkw",Zusammenstoß mit entgegenkommendem Fahrzeug
81862.0,2022,3,5,5,Unfall mit Leichtverletzten,5.0,2.0,2.0,1.0,0.0,0.0,0.0,0.0,8.49641221700006,49.502315510000095,,,Abbiegeunfall,"Fahrrad, Pkw",Zusammenstoß mit einbiegendem / kreuzendem Fahrzeug
196861.0,2022,3,17,4,Unfall mit Leichtverletzten,0.0,1.0,0.0,0.0,0.0,0.0,0.0,0.0,8.46400510500007,49.475182946000096,,,Fahrunfall,Fahrrad,Unfall anderer Art
196951.0,2022,3,15,4,Unfall mit Leichtverletzten,0.0,1.0,0.0,0.0,0.0,0.0,0.0,0.0,8.48726572000004,49.455324760000096,,,Fahrunfall,Fahrrad,Unfall anderer Art
196411.0,2022,3,13,4,Unfall mit Leichtverletzten,5.0,3.0,0.0,1.0,0.0,0.0,0.0,0.0,8.48809857000003,49.52904729000009,,,Einbiegen / Kreuzen-Unfall,"Fahrrad, Pkw",Zusammenstoß mit einbiegendem / kreuzendem Fahrzeug
196904.0,2022,3,13,4,Unfall mit Leichtverletzten,5.0,3.0,0.0,1.0,0.0,0.0,0.0,0.0,8.47089424300003,49.501994693,,,Einbiegen / Kreuzen-Unfall,"Fahrrad, Pkw",Zusammenstoß mit einbiegendem / kreuzendem Fahrzeug
82144.0,2022,3,9,4,Unfall mit Leichtverletzten,3.0,3.0,0.0,1.0,0.0,0.0,0.0,0.0,8.47782998200006,49.476473382000094,,,Einbiegen / Kreuzen-Unfall,"Fahrrad, Pkw",Zusammenstoß mit seitlich in gleicher Richtung fahrendem Fahrzeug
196635.0,2022,3,18,3,Unfall mit Leichtverletzten,3.0,2.0,0.0,1.0,0.0,0.0,0.0,0.0,8.46932898100005,49.487448295,,,Abbiegeunfall,"Fahrrad, Pkw",Zusammenstoß mit seitlich in gleicher Richtung fahrendem Fahrzeug
197183.0,2022,3,17,3,Unfall mit Leichtverletzten,1.0,5.0,0.0,1.0,0.0,0.0,0.0,0.0,8.48141874500004,49.475023676,,,Unfall durch ruhenden Verkehr,"Fahrrad, Pkw",Zusammenstoß mit anfahrendem/ anhaltendem/ ruhendem Fahrzeug
197062.0,2022,3,15,3,Unfall mit Leichtverletzten,5.0,3.0,0.0,0.0,0.0,0.0,0.0,1.0,8.48494117400003,49.484451708000094,,,Einbiegen / Kreuzen-Unfall,"Fahrrad, Tram/Bus (bis 2017 auch LKW)",Zusammenstoß mit einbiegendem / kreuzendem Fahrzeug
196886.0,2022,3,9,3,Unfall mit Leichtverletzten,5.0,3.0,0.0,1.0,0.0,0.0,0.0,0.0,8.48108624000002,49.539125481,,,Einbiegen / Kreuzen-Unfall,"Fahrrad, Pkw",Zusammenstoß mit einbiegendem / kreuzendem Fahrzeug
82919.0,2022,3,8,3,Unfall mit Leichtverletzten,0.0,1.0,0.0,0.0,0.0,0.0,0.0,0.0,8.49805269300003,49.5032266060001,,,Fahrunfall,Fahrrad,Unfall anderer Art
82344.0,2022,3,18,2,Unfall mit Schwerverletzten,5.0,3.0,0.0,1.0,0.0,0.0,0.0,0.0,8.47539860500007,49.485184758000095,,,Einbiegen / Kreuzen-Unfall,"Fahrrad, Pkw",Zusammenstoß mit einbiegendem / kreuzendem Fahrzeug
82749.0,2022,3,16,2,Unfall mit Leichtverletzten,1.0,5.0,0.0,1.0,0.0,0.0,0.0,0.0,8.52706486200003,49.433750217000096,,,Unfall durch ruhenden Verkehr,"Fahrrad, Pkw",Zusammenstoß mit anfahrendem/ anhaltendem/ ruhendem Fahrzeug
196768.0,2022,3,15,2,Unfall mit Leichtverletzten,5.0,3.0,0.0,1.0,0.0,0.0,0.0,0.0,8.49194272800003,49.515432828,,,Einbiegen / Kreuzen-Unfall,"Fahrrad, Pkw",Zusammenstoß mit einbiegendem / kreuzendem Fahrzeug
197244.0,2022,3,17,1,Unfall mit Leichtverletzten,0.0,6.0,0.0,1.0,0.0,0.0,0.0,0.0,8.47049847900007,49.483761481,,,Unfall im Längsverkehr,"Fahrrad, Pkw",Unfall anderer Art
197445.0,2022,3,16,1,Unfall mit Leichtverletzten,5.0,3.0,0.0,1.0,0.0,0.0,0.0,0.0,8.48430801600006,49.468127773,,,Einbiegen / Kreuzen-Unfall,"Fahrrad, Pkw",Zusammenstoß mit einbiegendem / kreuzendem Fahrzeug
196497.0,2022,3,12,1,Unfall mit Leichtverletzten,3.0,5.0,0.0,1.0,0.0,0.0,0.0,0.0,8.47034625500004,49.508638881000095,,,Unfall durch ruhenden Verkehr,"Fahrrad, Pkw",Zusammenstoß mit seitlich in gleicher Richtung fahrendem Fahrzeug
82729.0,2022,3,9,1,Unfall mit Leichtverletzten,5.0,3.0,0.0,1.0,0.0,0.0,0.0,0.0,8.46501753200005,49.481909785,,,Einbiegen / Kreuzen-Unfall,"Fahrrad, Pkw",Zusammenstoß mit einbiegendem / kreuzendem Fahrzeug
195598.0,2022,2,11,7,Unfall mit Leichtverletzten,4.0,2.0,0.0,1.0,0.0,0.0,0.0,0.0,8.45718307300007,49.551392984000096,,,Abbiegeunfall,"Fahrrad, Pkw",Zusammenstoß mit entgegenkommendem Fahrzeug
196525.0,2022,2,10,6,Unfall mit Leichtverletzten,3.0,2.0,0.0,0.0,0.0,0.0,1.0,0.0,8.45570085300005,49.4869809470001,,,Abbiegeunfall,"Fahrrad, LKW",Zusammenstoß mit seitlich in gleicher Richtung fahrendem Fahrzeug
196010.0,2022,2,20,5,Unfall mit Leichtverletzten,1.0,5.0,2.0,1.0,0.0,0.0,0.0,0.0,8.48597319100003,49.525773729,,,Unfall durch ruhenden Verkehr,"Fahrrad, Pkw",Zusammenstoß mit anfahrendem/ anhaltendem/ ruhendem Fahrzeug
195341.0,2022,2,17,4,Unfall mit Leichtverletzten,0.0,3.0,0.0,1.0,0.0,0.0,0.0,0.0,8.52530599300007,49.473669262,,,Einbiegen / Kreuzen-Unfall,"Fahrrad, Pkw",Unfall anderer Art
196626.0,2022,2,17,4,Unfall mit Leichtverletzten,5.0,2.0,0.0,1.0,0.0,0.0,0.0,0.0,8.48941326100004,49.495752391000096,,,Abbiegeunfall,"Fahrrad, Pkw",Zusammenstoß mit einbiegendem / kreuzendem Fahrzeug
80758.0,2022,2,11,4,Unfall mit Leichtverletzten,5.0,3.0,0.0,1.0,0.0,0.0,0.0,0.0,8.51223282600006,49.489004935,,,Einbiegen / Kreuzen-Unfall,"Fahrrad, Pkw",Zusammenstoß mit einbiegendem / kreuzendem Fahrzeug
79567.0,2022,2,18,2,Unfall mit Leichtverletzten,5.0,3.0,2.0,1.0,0.0,0.0,0.0,0.0,8.48819015200007,49.497594718000094,,,Einbiegen / Kreuzen-Unfall,"Fahrrad, Pkw",Zusammenstoß mit einbiegendem / kreuzendem Fahrzeug
80821.0,2022,2,18,2,Unfall mit Leichtverletzten,5.0,3.0,1.0,1.0,0.0,0.0,0.0,0.0,8.48819815200005,49.497603998,,,Einbiegen / Kreuzen-Unfall,"Fahrrad, Pkw",Zusammenstoß mit einbiegendem / kreuzendem Fahrzeug
195665.0,2022,2,17,2,Unfall mit Leichtverletzten,4.0,2.0,1.0,1.0,0.0,0.0,0.0,0.0,8.50265706100004,49.449205792,,,Abbiegeunfall,"Fahrrad, Pkw",Zusammenstoß mit entgegenkommendem Fahrzeug
197204.0,2022,2,15,2,Unfall mit Leichtverletzten,5.0,3.0,0.0,1.0,0.0,0.0,0.0,0.0,8.53709124700003,49.483856578,,,Einbiegen / Kreuzen-Unfall,"Fahrrad, Pkw",Zusammenstoß mit einbiegendem / kreuzendem Fahrzeug
80121.0,2022,1,21,7,Unfall mit Schwerverletzten,5.0,3.0,2.0,1.0,0.0,0.0,0.0,0.0,8.52446567400006,49.44011799100009,,,Einbiegen / Kreuzen-Unfall,"Fahrrad, Pkw",Zusammenstoß mit einbiegendem / kreuzendem Fahrzeug
195521.0,2022,1,18,7,Unfall mit Leichtverletzten,2.0,6.0,2.0,1.0,0.0,0.0,0.0,0.0,8.47083559100003,49.490911031000095,,,Unfall im Längsverkehr,"Fahrrad, Pkw",Zusammenstoß mit vorausfahrendem / wartendem Fahrzeug
195591.0,2022,1,14,7,Unfall mit Leichtverletzten,6.0,4.0,0.0,0.0,1.0,0.0,0.0,0.0,8.49663769400007,49.530656470000096,,,Überschreiten-Unfall,"Fahrrad, Fußgänger",Zusammenstoß zwischen Fahrzeug und Fußgänger
195746.0,2022,1,13,7,Unfall mit Leichtverletzten,5.0,3.0,0.0,1.0,0.0,0.0,0.0,0.0,8.49376762100007,49.456395645,,,Einbiegen / Kreuzen-Unfall,"Fahrrad, Pkw",Zusammenstoß mit einbiegendem / kreuzendem Fahrzeug
195552.0,2022,1,7,7,Unfall mit Schwerverletzten,4.0,2.0,0.0,1.0,0.0,0.0,0.0,0.0,8.49013881300004,49.478316237000094,,,Abbiegeunfall,"Fahrrad, Pkw",Zusammenstoß mit entgegenkommendem Fahrzeug
195173.0,2022,1,15,6,Unfall mit Leichtverletzten,5.0,3.0,0.0,1.0,0.0,0.0,0.0,0.0,8.54655676300007,49.496538349,,,Einbiegen / Kreuzen-Unfall,"Fahrrad, Pkw",Zusammenstoß mit einbiegendem / kreuzendem Fahrzeug
195860.0,2022,1,13,6,Unfall mit Leichtverletzten,1.0,3.0,0.0,0.0,0.0,0.0,0.0,1.0,8.50348812400006,49.503056164,,,Einbiegen / Kreuzen-Unfall,"Fahrrad, Tram/Bus (bis 2017 auch LKW)",Zusammenstoß mit anfahrendem/ anhaltendem/ ruhendem Fahrzeug
79002.0,2022,1,18,5,Unfall mit Leichtverletzten,5.0,3.0,2.0,1.0,0.0,0.0,0.0,0.0,8.49012491800005,49.528168229000094,,,Einbiegen / Kreuzen-Unfall,"Fahrrad, Pkw",Zusammenstoß mit einbiegendem / kreuzendem Fahrzeug
79719.0,2022,1,15,5,Unfall mit Leichtverletzten,5.0,3.0,0.0,1.0,0.0,0.0,0.0,0.0,8.48577567100006,49.4952834900001,,,Einbiegen / Kreuzen-Unfall,"Fahrrad, Pkw",Zusammenstoß mit einbiegendem / kreuzendem Fahrzeug
195595.0,2022,1,8,5,Unfall mit Leichtverletzten,5.0,3.0,0.0,1.0,0.0,0.0,0.0,0.0,8.48204936100007,49.478904714000095,,,Einbiegen / Kreuzen-Unfall,"Fahrrad, Pkw",Zusammenstoß mit einbiegendem / kreuzendem Fahrzeug
195546.0,2022,1,17,4,Unfall mit Leichtverletzten,4.0,6.0,2.0,0.0,0.0,0.0,0.0,0.0,8.48207707000006,49.523454884,,,Unfall im Längsverkehr,Fahrrad,Zusammenstoß mit entgegenkommendem Fahrzeug
195722.0,2022,1,17,4,Unfall mit Leichtverletzten,5.0,5.0,1.0,1.0,0.0,0.0,0.0,0.0,8.48960433800005,49.5053982380001,,,Unfall durch ruhenden Verkehr,"Fahrrad, Pkw",Zusammenstoß mit einbiegendem / kreuzendem Fahrzeug
195600.0,2022,1,16,3,Unfall mit Leichtverletzten,0.0,7.0,0.0,0.0,0.0,0.0,0.0,0.0,8.47155282000006,49.472273822,,,sonstiger Unfall,Fahrrad,Unfall anderer Art
195867.0,2022,1,15,2,Unfall mit Leichtverletzten,5.0,3.0,0.0,1.0,0.0,0.0,0.0,0.0,8.44726853800006,49.5416684960001,,,Einbiegen / Kreuzen-Unfall,"Fahrrad, Pkw",Zusammenstoß mit einbiegendem / kreuzendem Fahrzeug
196145.0,2022,1,10,2,Unfall mit Leichtverletzten,3.0,6.0,0.0,1.0,0.0,0.0,0.0,0.0,8.46876135800005,49.491789834,,,Unfall im Längsverkehr,"Fahrrad, Pkw",Zusammenstoß mit seitlich in gleicher Richtung fahrendem Fahrzeug
78210.0,2022,1,17,1,Unfall mit Leichtverletzten,7.0,1.0,2.0,0.0,0.0,0.0,0.0,0.0,8.49524982700007,49.4792290610001,,,Fahrunfall,Fahrrad,Aufprall auf Fahrbahnhindernis
189724.0,2021,12,19,6,Unfall mit Leichtverletzten,5.0,3.0,2.0,1.0,0.0,0.0,0.0,0.0,8.478507788000059,49.49779929300007,,,Einbiegen / Kreuzen-Unfall,"Fahrrad, Pkw",Zusammenstoß mit einbiegendem / kreuzendem Fahrzeug
189358.0,2021,12,17,6,Unfall mit Leichtverletzten,5.0,2.0,2.0,1.0,0.0,0.0,0.0,0.0,8.477646417000074,49.484170537000075,,,Abbiegeunfall,"Fahrrad, Pkw",Zusammenstoß mit einbiegendem / kreuzendem Fahrzeug
189948.0,2021,12,17,6,Unfall mit Leichtverletzten,5.0,3.0,2.0,1.0,0.0,0.0,0.0,0.0,8.459150692000037,49.49240950000007,,,Einbiegen / Kreuzen-Unfall,"Fahrrad, Pkw",Zusammenstoß mit einbiegendem / kreuzendem Fahrzeug
189824.0,2021,12,16,6,Unfall mit Leichtverletzten,5.0,3.0,2.0,1.0,0.0,0.0,0.0,0.0,8.485654115000045,49.47650719200004,,,Einbiegen / Kreuzen-Unfall,"Fahrrad, Pkw",Zusammenstoß mit einbiegendem / kreuzendem Fahrzeug
188994.0,2021,12,15,6,Unfall mit Leichtverletzten,3.0,2.0,0.0,0.0,0.0,0.0,0.0,0.0,8.495032219000052,49.45284343600008,,,Abbiegeunfall,Fahrrad,Zusammenstoß mit seitlich in gleicher Richtung fahrendem Fahrzeug
188981.0,2021,12,11,6,Unfall mit Leichtverletzten,0.0,3.0,0.0,1.0,0.0,0.0,0.0,0.0,8.478517098000054,49.46027913100005,,,Einbiegen / Kreuzen-Unfall,"Fahrrad, Pkw",Unfall anderer Art
189939.0,2021,12,10,6,Unfall mit Leichtverletzten,3.0,6.0,0.0,1.0,0.0,0.0,0.0,0.0,8.46819453300003,49.50409724200006,,,Unfall im Längsverkehr,"Fahrrad, Pkw",Zusammenstoß mit seitlich in gleicher Richtung fahrendem Fahrzeug
86231.0,2021,12,11,5,Unfall mit Leichtverletzten,1.0,5.0,0.0,1.0,0.0,0.0,0.0,0.0,8.480272485000057,49.48924745700003,,,Unfall durch ruhenden Verkehr,"Fahrrad, Pkw",Zusammenstoß mit anfahrendem/ anhaltendem/ ruhendem Fahrzeug
190513.0,2021,12,10,5,Unfall mit Leichtverletzten,1.0,7.0,0.0,1.0,0.0,0.0,0.0,0.0,8.473241014000052,49.48153540900007,,,sonstiger Unfall,"Fahrrad, Pkw",Zusammenstoß mit anfahrendem/ anhaltendem/ ruhendem Fahrzeug
190184.0,2021,12,7,5,Unfall mit Leichtverletzten,5.0,3.0,2.0,1.0,0.0,0.0,0.0,0.0,8.477595871000062,49.484279249000046,,,Einbiegen / Kreuzen-Unfall,"Fahrrad, Pkw",Zusammenstoß mit einbiegendem / kreuzendem Fahrzeug
189945.0,2021,12,15,4,Unfall mit Schwerverletzten,5.0,3.0,0.0,1.0,0.0,0.0,0.0,0.0,8.46250825900006,49.47872712900005,,,Einbiegen / Kreuzen-Unfall,"Fahrrad, Pkw",Zusammenstoß mit einbiegendem / kreuzendem Fahrzeug
189427.0,2021,12,12,4,Unfall mit Leichtverletzten,5.0,3.0,0.0,1.0,0.0,0.0,0.0,0.0,8.47304506300003,49.47263331100004,,,Einbiegen / Kreuzen-Unfall,"Fahrrad, Pkw",Zusammenstoß mit einbiegendem / kreuzendem Fahrzeug
189322.0,2021,12,19,2,Unfall mit Schwerverletzten,0.0,6.0,2.0,1.0,0.0,0.0,0.0,0.0,8.512734847000047,49.53472314900006,,,Unfall im Längsverkehr,"Fahrrad, Pkw",Unfall anderer Art
189845.0,2021,12,18,2,Unfall mit Leichtverletzten,1.0,5.0,2.0,1.0,0.0,0.0,0.0,0.0,8.466157468000063,49.48897773500005,,,Unfall durch ruhenden Verkehr,"Fahrrad, Pkw",Zusammenstoß mit anfahrendem/ anhaltendem/ ruhendem Fahrzeug
190893.0,2021,12,14,2,Unfall mit Leichtverletzten,3.0,2.0,0.0,1.0,0.0,0.0,0.0,0.0,8.50159829000006,49.50437636300006,,,Abbiegeunfall,"Fahrrad, Pkw",Zusammenstoß mit seitlich in gleicher Richtung fahrendem Fahrzeug
189706.0,2021,12,12,2,Unfall mit Leichtverletzten,0.0,1.0,0.0,0.0,0.0,0.0,0.0,0.0,8.507800272000054,49.48657969900007,,,Fahrunfall,Fahrrad,Unfall anderer Art
189009.0,2021,12,11,2,Unfall mit Schwerverletzten,5.0,3.0,0.0,0.0,0.0,0.0,1.0,0.0,8.556443953000041,49.51661406400007,,,Einbiegen / Kreuzen-Unfall,"Fahrrad, LKW",Zusammenstoß mit einbiegendem / kreuzendem Fahrzeug
189890.0,2021,12,9,2,Unfall mit Leichtverletzten,0.0,1.0,0.0,0.0,0.0,0.0,0.0,0.0,8.517777440000032,49.430143311000045,,,Fahrunfall,Fahrrad,Unfall anderer Art
190003.0,2021,12,14,1,Unfall mit Leichtverletzten,5.0,3.0,0.0,1.0,0.0,0.0,0.0,0.0,8.483725439000068,49.46983429800008,,,Einbiegen / Kreuzen-Unfall,"Fahrrad, Pkw",Zusammenstoß mit einbiegendem / kreuzendem Fahrzeug
188424.0,2021,11,19,7,Unfall mit Schwerverletzten,5.0,3.0,2.0,1.0,0.0,0.0,0.0,0.0,8.449955834000036,49.54966398200003,,,Einbiegen / Kreuzen-Unfall,"Fahrrad, Pkw",Zusammenstoß mit einbiegendem / kreuzendem Fahrzeug
189894.0,2021,11,12,7,Unfall mit Leichtverletzten,5.0,3.0,0.0,1.0,0.0,0.0,0.0,0.0,8.524391086000037,49.43481217500005,,,Einbiegen / Kreuzen-Unfall,"Fahrrad, Pkw",Zusammenstoß mit einbiegendem / kreuzendem Fahrzeug
189941.0,2021,11,21,6,Unfall mit Leichtverletzten,0.0,5.0,2.0,1.0,0.0,0.0,0.0,0.0,8.464155061000042,49.49405628700004,,,Unfall durch ruhenden Verkehr,"Fahrrad, Pkw",Unfall anderer Art
86845.0,2021,11,19,6,Unfall mit Leichtverletzten,5.0,3.0,2.0,1.0,0.0,0.0,0.0,0.0,8.482154528000024,49.52488098300007,,,Einbiegen / Kreuzen-Unfall,"Fahrrad, Pkw",Zusammenstoß mit einbiegendem / kreuzendem Fahrzeug
86101.0,2021,11,13,6,Unfall mit Leichtverletzten,0.0,3.0,0.0,1.0,0.0,0.0,0.0,0.0,8.499929394000048,49.52458558600006,,,Einbiegen / Kreuzen-Unfall,"Fahrrad, Pkw",Unfall anderer Art
85717.0,2021,11,11,6,Unfall mit Leichtverletzten,5.0,2.0,0.0,1.0,0.0,0.0,0.0,0.0,8.484023206000074,49.473964247000026,,,Abbiegeunfall,"Fahrrad, Pkw",Zusammenstoß mit einbiegendem / kreuzendem Fahrzeug
188570.0,2021,11,8,6,Unfall mit Leichtverletzten,0.0,7.0,0.0,0.0,0.0,0.0,0.0,0.0,8.470834066000066,49.55250908300008,,,sonstiger Unfall,Fahrrad,Unfall anderer Art
187949.0,2021,11,14,5,Unfall mit Schwerverletzten,3.0,5.0,0.0,1.0,0.0,0.0,0.0,0.0,8.485682757000063,49.52363067100004,,,Unfall durch ruhenden Verkehr,"Fahrrad, Pkw",Zusammenstoß mit seitlich in gleicher Richtung fahrendem Fahrzeug
189842.0,2021,11,9,5,Unfall mit Leichtverletzten,5.0,3.0,0.0,1.0,0.0,0.0,0.0,0.0,8.529927889000021,49.51015245000008,,,Einbiegen / Kreuzen-Unfall,"Fahrrad, Pkw",Zusammenstoß mit einbiegendem / kreuzendem Fahrzeug
189238.0,2021,11,7,5,Unfall mit Leichtverletzten,5.0,3.0,0.0,1.0,0.0,0.0,0.0,0.0,8.476310856000055,49.48871683000005,,,Einbiegen / Kreuzen-Unfall,"Fahrrad, Pkw",Zusammenstoß mit einbiegendem / kreuzendem Fahrzeug
189861.0,2021,11,16,4,Unfall mit Leichtverletzten,5.0,3.0,1.0,1.0,0.0,0.0,0.0,0.0,8.497520112000075,49.497680417000026,,,Einbiegen / Kreuzen-Unfall,"Fahrrad, Pkw",Zusammenstoß mit einbiegendem / kreuzendem Fahrzeug
189080.0,2021,11,13,4,Unfall mit Leichtverletzten,6.0,4.0,0.0,0.0,1.0,0.0,0.0,0.0,8.485980750000067,49.47767475400008,,,Überschreiten-Unfall,"Fahrrad, Fußgänger",Zusammenstoß zwischen Fahrzeug und Fußgänger