OBJECTID,UJAHR,UMONAT,USTUNDE,UWOCHENTAG,UKATEGORIE,UART,UTYP1,ULICHTVERH,IstPKW,IstFuss,IstKrad,IstGkfz,IstSonstige,Longitude,Latitude,Kommentar,Stadtteil,typ,involved,art
,2018,6,10,4,Unfall mit Leichtverletzten,0.0,6.0,0.0,1.0,0.0,0.0,0.0,,8.546268628000064,49.49360344500008,,,Unfall im Längsverkehr,"Fahrrad, Pkw",Unfall anderer Art
,2018,6,7,4,Unfall mit Leichtverletzten,5.0,2.0,0.0,1.0,0.0,0.0,0.0,,8.502860787000031,49.45539434500006,,,Abbiegeunfall,"Fahrrad, Pkw",Zusammenstoß mit einbiegendem / kreuzendem Fahrzeug
,2018,6,17,3,Unfall mit Leichtverletzten,3.0,2.0,0.0,1.0,0.0,0.0,0.0,,8.467867947000059,49.50899268200004,,,Abbiegeunfall,"Fahrrad, Pkw",Zusammenstoß mit seitlich in gleicher Richtung fahrendem Fahrzeug
,2018,6,16,3,Unfall mit Leichtverletzten,5.0,3.0,0.0,1.0,0.0,0.0,0.0,,8.49891585000006,49.45379630400004,,,Einbiegen / Kreuzen-Unfall,"Fahrrad, Pkw",Zusammenstoß mit einbiegendem / kreuzendem Fahrzeug
,2018,6,20,2,Unfall mit Leichtverletzten,5.0,3.0,0.0,1.0,0.0,0.0,0.0,,8.478809173000059,49.48990094200008,,,Einbiegen / Kreuzen-Unfall,"Fahrrad, Pkw",Zusammenstoß mit einbiegendem / kreuzendem Fahrzeug
,2018,6,19,2,Unfall mit Leichtverletzten,1.0,5.0,0.0,1.0,0.0,0.0,0.0,,8.470707594000032,49.50899538000005,,,Unfall durch ruhenden Verkehr,"Fahrrad, Pkw",Zusammenstoß mit anfahrendem/ anhaltendem/ ruhendem Fahrzeug
,2018,6,16,2,Unfall mit Leichtverletzten,5.0,3.0,0.0,1.0,0.0,0.0,0.0,,8.448635086000024,49.55025633400004,,,Einbiegen / Kreuzen-Unfall,"Fahrrad, Pkw",Zusammenstoß mit einbiegendem / kreuzendem Fahrzeug
,2018,6,11,2,Unfall mit Leichtverletzten,5.0,2.0,0.0,0.0,0.0,0.0,1.0,,8.48396269500006,49.48100480100004,,,Abbiegeunfall,"Fahrrad, LKW",Zusammenstoß mit einbiegendem / kreuzendem Fahrzeug
,2018,6,10,2,Unfall mit Leichtverletzten,3.0,2.0,0.0,1.0,0.0,0.0,0.0,,8.468770739000036,49.49179986600007,,,Abbiegeunfall,"Fahrrad, Pkw",Zusammenstoß mit seitlich in gleicher Richtung fahrendem Fahrzeug
,2018,6,8,2,Unfall mit Leichtverletzten,5.0,3.0,0.0,1.0,0.0,0.0,0.0,,8.483730858000058,49.46983265000006,,,Einbiegen / Kreuzen-Unfall,"Fahrrad, Pkw",Zusammenstoß mit einbiegendem / kreuzendem Fahrzeug
,2018,6,8,2,Unfall mit Leichtverletzten,5.0,3.0,0.0,1.0,0.0,0.0,0.0,,8.493299128000046,49.52187777000007,,,Einbiegen / Kreuzen-Unfall,"Fahrrad, Pkw",Zusammenstoß mit einbiegendem / kreuzendem Fahrzeug
,2018,6,7,2,Unfall mit Schwerverletzten,0.0,1.0,0.0,0.0,0.0,0.0,0.0,,8.533883333000063,49.42476204900004,,,Fahrunfall,Fahrrad,Unfall anderer Art
,2018,6,7,2,Unfall mit Leichtverletzten,4.0,2.0,0.0,1.0,0.0,0.0,0.0,,8.505507893000072,49.49409861500004,,,Abbiegeunfall,"Fahrrad, Pkw",Zusammenstoß mit entgegenkommendem Fahrzeug
,2018,6,19,1,Unfall mit Leichtverletzten,5.0,3.0,0.0,1.0,0.0,0.0,0.0,,8.538907003000077,49.41884573500005,,,Einbiegen / Kreuzen-Unfall,"Fahrrad, Pkw",Zusammenstoß mit einbiegendem / kreuzendem Fahrzeug
,2018,5,20,7,Unfall mit Leichtverletzten,0.0,1.0,1.0,0.0,0.0,0.0,0.0,,8.451540371000021,49.53263350900005,,,Fahrunfall,Fahrrad,Unfall anderer Art
,2018,5,15,7,Unfall mit Leichtverletzten,5.0,3.0,0.0,1.0,0.0,0.0,0.0,,8.483211524000069,49.47805203100006,,,Einbiegen / Kreuzen-Unfall,"Fahrrad, Pkw",Zusammenstoß mit einbiegendem / kreuzendem Fahrzeug
,2018,5,14,7,Unfall mit Leichtverletzten,1.0,5.0,0.0,1.0,0.0,0.0,0.0,,8.48160335800003,49.52714814900003,,,Unfall durch ruhenden Verkehr,"Fahrrad, Pkw",Zusammenstoß mit anfahrendem/ anhaltendem/ ruhendem Fahrzeug
,2018,5,13,7,Unfall mit Leichtverletzten,0.0,3.0,0.0,1.0,0.0,0.0,0.0,,8.49215386000003,49.45277337400007,,,Einbiegen / Kreuzen-Unfall,"Fahrrad, Pkw",Unfall anderer Art
,2018,5,11,6,Unfall mit Leichtverletzten,1.0,5.0,0.0,1.0,0.0,0.0,0.0,,8.47871817400005,49.48051466100002,,,Unfall durch ruhenden Verkehr,"Fahrrad, Pkw",Zusammenstoß mit anfahrendem/ anhaltendem/ ruhendem Fahrzeug
,2018,5,10,6,Unfall mit Leichtverletzten,6.0,7.0,0.0,0.0,1.0,0.0,0.0,,8.47044878500003,49.49319926500005,,,sonstiger Unfall,"Fahrrad, Fußgänger",Zusammenstoß zwischen Fahrzeug und Fußgänger
,2018,5,8,6,Unfall mit Leichtverletzten,5.0,3.0,0.0,1.0,0.0,0.0,0.0,,8.482284166000056,49.47916811300007,,,Einbiegen / Kreuzen-Unfall,"Fahrrad, Pkw",Zusammenstoß mit einbiegendem / kreuzendem Fahrzeug
,2018,5,8,6,Unfall mit Schwerverletzten,0.0,7.0,0.0,0.0,0.0,0.0,0.0,,8.485038689000021,49.47748368400005,,,sonstiger Unfall,Fahrrad,Unfall anderer Art
,2018,5,18,5,Unfall mit Leichtverletzten,5.0,3.0,0.0,1.0,0.0,0.0,0.0,,8.469801119000067,49.50438823500008,,,Einbiegen / Kreuzen-Unfall,"Fahrrad, Pkw",Zusammenstoß mit einbiegendem / kreuzendem Fahrzeug
,2018,5,17,5,Unfall mit Leichtverletzten,2.0,7.0,0.0,1.0,0.0,0.0,0.0,,8.488647855000067,49.463810247000026,,,sonstiger Unfall,"Fahrrad, Pkw",Zusammenstoß mit vorausfahrendem / wartendem Fahrzeug
,2018,5,17,5,Unfall mit Leichtverletzten,9.0,5.0,0.0,0.0,0.0,0.0,0.0,,8.465948302000072,49.49517087700008,,,Unfall durch ruhenden Verkehr,Fahrrad,Abkommen von Fahrbahn nach links
,2018,5,13,5,Unfall mit Leichtverletzten,5.0,3.0,0.0,1.0,0.0,0.0,0.0,,8.48750509000007,49.46248247100005,,,Einbiegen / Kreuzen-Unfall,"Fahrrad, Pkw",Zusammenstoß mit einbiegendem / kreuzendem Fahrzeug
,2018,5,18,4,Unfall mit Leichtverletzten,5.0,3.0,0.0,1.0,0.0,0.0,0.0,,8.526716977000035,49.44268945400007,,,Einbiegen / Kreuzen-Unfall,"Fahrrad, Pkw",Zusammenstoß mit einbiegendem / kreuzendem Fahrzeug
,2018,5,15,4,Unfall mit Leichtverletzten,5.0,2.0,0.0,0.0,0.0,0.0,0.0,,8.466193600000054,49.48776649300004,,,Abbiegeunfall,Fahrrad,Zusammenstoß mit einbiegendem / kreuzendem Fahrzeug
,2018,5,13,4,Unfall mit Leichtverletzten,5.0,3.0,0.0,1.0,0.0,0.0,0.0,,8.483685317000038,49.469846506000074,,,Einbiegen / Kreuzen-Unfall,"Fahrrad, Pkw",Zusammenstoß mit einbiegendem / kreuzendem Fahrzeug
,2018,5,8,4,Unfall mit Schwerverletzten,5.0,2.0,0.0,1.0,0.0,0.0,0.0,,8.509878564000076,49.51700413900005,,,Abbiegeunfall,"Fahrrad, Pkw",Zusammenstoß mit einbiegendem / kreuzendem Fahrzeug
,2018,5,7,4,Unfall mit Leichtverletzten,5.0,2.0,0.0,1.0,0.0,0.0,0.0,,8.488084302000061,49.497697565000074,,,Abbiegeunfall,"Fahrrad, Pkw",Zusammenstoß mit einbiegendem / kreuzendem Fahrzeug
,2018,5,19,3,Unfall mit Leichtverletzten,6.0,3.0,0.0,0.0,1.0,0.0,0.0,,8.464294297000038,49.50652188800007,,,Einbiegen / Kreuzen-Unfall,"Fahrrad, Fußgänger",Zusammenstoß zwischen Fahrzeug und Fußgänger
,2018,5,13,3,Unfall mit Schwerverletzten,0.0,7.0,0.0,0.0,0.0,0.0,0.0,,8.451486076000037,49.49445131500005,,,sonstiger Unfall,Fahrrad,Unfall anderer Art
,2018,5,9,3,Unfall mit Leichtverletzten,5.0,3.0,0.0,1.0,0.0,0.0,0.0,,8.481870425000068,49.49386999200004,,,Einbiegen / Kreuzen-Unfall,"Fahrrad, Pkw",Zusammenstoß mit einbiegendem / kreuzendem Fahrzeug
,2018,5,15,2,Unfall mit Leichtverletzten,3.0,2.0,0.0,1.0,0.0,0.0,0.0,,8.46185063300004,49.49930111500004,,,Abbiegeunfall,"Fahrrad, Pkw",Zusammenstoß mit seitlich in gleicher Richtung fahrendem Fahrzeug
,2018,5,11,2,Unfall mit Leichtverletzten,5.0,3.0,0.0,1.0,0.0,0.0,0.0,,8.545946775000061,49.51328869600008,,,Einbiegen / Kreuzen-Unfall,"Fahrrad, Pkw",Zusammenstoß mit einbiegendem / kreuzendem Fahrzeug
,2018,5,11,2,Unfall mit Leichtverletzten,2.0,7.0,0.0,0.0,0.0,0.0,0.0,,8.471396009000046,49.487282494000056,,,sonstiger Unfall,Fahrrad,Zusammenstoß mit vorausfahrendem / wartendem Fahrzeug
,2018,5,8,2,Unfall mit Leichtverletzten,5.0,3.0,0.0,1.0,0.0,0.0,0.0,,8.563185542000042,49.46724668400003,,,Einbiegen / Kreuzen-Unfall,"Fahrrad, Pkw",Zusammenstoß mit einbiegendem / kreuzendem Fahrzeug
,2018,4,20,7,Unfall mit Leichtverletzten,5.0,3.0,0.0,1.0,0.0,0.0,0.0,,8.48853811400005,49.52499091000004,,,Einbiegen / Kreuzen-Unfall,"Fahrrad, Pkw",Zusammenstoß mit einbiegendem / kreuzendem Fahrzeug
,2018,4,15,7,Unfall mit Leichtverletzten,1.0,5.0,0.0,1.0,0.0,0.0,0.0,,8.466480736000051,49.48932754200007,,,Unfall durch ruhenden Verkehr,"Fahrrad, Pkw",Zusammenstoß mit anfahrendem/ anhaltendem/ ruhendem Fahrzeug
,2018,4,10,7,Unfall mit Leichtverletzten,5.0,2.0,0.0,1.0,0.0,0.0,0.0,,8.47118529000005,49.51137117200005,,,Abbiegeunfall,"Fahrrad, Pkw",Zusammenstoß mit einbiegendem / kreuzendem Fahrzeug
,2018,4,6,7,Unfall mit Leichtverletzten,5.0,3.0,0.0,1.0,0.0,0.0,0.0,,8.485649827000032,49.53025728100005,,,Einbiegen / Kreuzen-Unfall,"Fahrrad, Pkw",Zusammenstoß mit einbiegendem / kreuzendem Fahrzeug
,2018,4,1,7,Unfall mit Leichtverletzten,5.0,2.0,2.0,1.0,0.0,0.0,0.0,,8.46934096700005,49.48746153400003,,,Abbiegeunfall,"Fahrrad, Pkw",Zusammenstoß mit einbiegendem / kreuzendem Fahrzeug
,2018,4,19,6,Unfall mit Leichtverletzten,5.0,3.0,0.0,1.0,0.0,0.0,0.0,,8.498807288000023,49.453659237000075,,,Einbiegen / Kreuzen-Unfall,"Fahrrad, Pkw",Zusammenstoß mit einbiegendem / kreuzendem Fahrzeug
,2018,4,18,6,Unfall mit Leichtverletzten,0.0,3.0,0.0,1.0,0.0,0.0,0.0,,8.476014749000058,49.48644937200004,,,Einbiegen / Kreuzen-Unfall,"Fahrrad, Pkw",Unfall anderer Art
,2018,4,17,6,Unfall mit Schwerverletzten,5.0,3.0,0.0,1.0,0.0,0.0,0.0,,8.484312575000047,49.512915476000046,,,Einbiegen / Kreuzen-Unfall,"Fahrrad, Pkw",Zusammenstoß mit einbiegendem / kreuzendem Fahrzeug
,2018,4,16,6,Unfall mit Schwerverletzten,5.0,3.0,0.0,0.0,0.0,0.0,0.0,,8.46698430400005,49.471976219000055,,,Einbiegen / Kreuzen-Unfall,Fahrrad,Zusammenstoß mit einbiegendem / kreuzendem Fahrzeug
,2018,4,13,6,Unfall mit Schwerverletzten,4.0,6.0,0.0,0.0,0.0,0.0,0.0,,8.471482283000057,49.493587072000025,,,Unfall im Längsverkehr,Fahrrad,Zusammenstoß mit entgegenkommendem Fahrzeug
,2018,4,13,6,Unfall mit Leichtverletzten,3.0,6.0,0.0,1.0,0.0,0.0,0.0,,8.470767722000062,49.48683379600004,,,Unfall im Längsverkehr,"Fahrrad, Pkw",Zusammenstoß mit seitlich in gleicher Richtung fahrendem Fahrzeug
,2018,4,12,6,Unfall mit Schwerverletzten,5.0,3.0,0.0,1.0,0.0,0.0,0.0,,8.468073748000052,49.482387389000046,,,Einbiegen / Kreuzen-Unfall,"Fahrrad, Pkw",Zusammenstoß mit einbiegendem / kreuzendem Fahrzeug
,2018,4,11,6,Unfall mit Leichtverletzten,6.0,7.0,0.0,0.0,1.0,0.0,0.0,,8.479383917000064,49.49589386700006,,,sonstiger Unfall,"Fahrrad, Fußgänger",Zusammenstoß zwischen Fahrzeug und Fußgänger
,2018,4,23,5,Unfall mit Leichtverletzten,2.0,7.0,2.0,1.0,0.0,0.0,0.0,,8.472591063000039,49.480791330000045,,,sonstiger Unfall,"Fahrrad, Pkw",Zusammenstoß mit vorausfahrendem / wartendem Fahrzeug
,2018,4,15,5,Unfall mit Leichtverletzten,5.0,2.0,0.0,0.0,0.0,0.0,0.0,,8.473967809000044,49.48359733000007,,,Abbiegeunfall,Fahrrad,Zusammenstoß mit einbiegendem / kreuzendem Fahrzeug
,2018,4,15,5,Unfall mit Leichtverletzten,6.0,4.0,0.0,0.0,1.0,0.0,0.0,,8.470837208000034,49.497776144000056,,,Überschreiten-Unfall,"Fahrrad, Fußgänger",Zusammenstoß zwischen Fahrzeug und Fußgänger
,2018,4,11,5,Unfall mit Schwerverletzten,3.0,6.0,0.0,1.0,0.0,0.0,0.0,,8.507461445000047,49.477709940000075,,,Unfall im Längsverkehr,"Fahrrad, Pkw",Zusammenstoß mit seitlich in gleicher Richtung fahrendem Fahrzeug
,2018,4,21,4,Unfall mit Leichtverletzten,5.0,3.0,2.0,1.0,0.0,0.0,0.0,,8.472325806000072,49.48066722100003,,,Einbiegen / Kreuzen-Unfall,"Fahrrad, Pkw",Zusammenstoß mit einbiegendem / kreuzendem Fahrzeug
,2018,4,19,4,Unfall mit Leichtverletzten,0.0,6.0,0.0,0.0,0.0,0.0,0.0,,8.473619872000029,49.49684100700006,,,Unfall im Längsverkehr,Fahrrad,Unfall anderer Art
,2018,4,18,4,Unfall mit Leichtverletzten,5.0,3.0,0.0,1.0,0.0,0.0,0.0,,8.47583968500004,49.48898743500007,,,Einbiegen / Kreuzen-Unfall,"Fahrrad, Pkw",Zusammenstoß mit einbiegendem / kreuzendem Fahrzeug
,2018,4,8,4,Unfall mit Leichtverletzten,5.0,3.0,0.0,1.0,0.0,0.0,0.0,,8.480964288000052,49.547036846000026,,,Einbiegen / Kreuzen-Unfall,"Fahrrad, Pkw",Zusammenstoß mit einbiegendem / kreuzendem Fahrzeug
,2018,4,6,4,Unfall mit Schwerverletzten,0.0,7.0,1.0,0.0,0.0,0.0,0.0,,8.465521557000045,49.48701254000008,,,sonstiger Unfall,Fahrrad,Unfall anderer Art
,2018,4,6,4,Unfall mit Leichtverletzten,5.0,3.0,1.0,1.0,0.0,0.0,0.0,,8.49122356600003,49.51567354700006,,,Einbiegen / Kreuzen-Unfall,"Fahrrad, Pkw",Zusammenstoß mit einbiegendem / kreuzendem Fahrzeug
,2018,4,16,3,Unfall mit Schwerverletzten,3.0,2.0,0.0,1.0,0.0,0.0,0.0,,8.467720146000033,49.48800112500004,,,Abbiegeunfall,"Fahrrad, Pkw",Zusammenstoß mit seitlich in gleicher Richtung fahrendem Fahrzeug
,2018,4,16,3,Unfall mit Leichtverletzten,5.0,3.0,0.0,1.0,0.0,0.0,0.0,,8.48427057200007,49.510283180000044,,,Einbiegen / Kreuzen-Unfall,"Fahrrad, Pkw",Zusammenstoß mit einbiegendem / kreuzendem Fahrzeug
,2018,4,15,3,Unfall mit Leichtverletzten,0.0,3.0,0.0,1.0,0.0,0.0,0.0,,8.492254455000023,49.47863342000005,,,Einbiegen / Kreuzen-Unfall,"Fahrrad, Pkw",Unfall anderer Art
,2018,4,12,3,Unfall mit Leichtverletzten,1.0,5.0,0.0,0.0,0.0,0.0,0.0,,8.481632938000075,49.45285976400004,,,Unfall durch ruhenden Verkehr,Fahrrad,Zusammenstoß mit anfahrendem/ anhaltendem/ ruhendem Fahrzeug
,2018,4,7,3,Unfall mit Leichtverletzten,5.0,3.0,0.0,1.0,0.0,0.0,0.0,,8.476704612000049,49.46269866400007,,,Einbiegen / Kreuzen-Unfall,"Fahrrad, Pkw",Zusammenstoß mit einbiegendem / kreuzendem Fahrzeug
,2018,4,18,2,Unfall mit Schwerverletzten,0.0,7.0,0.0,0.0,0.0,0.0,0.0,,8.46541752500002,49.48573936300005,,,sonstiger Unfall,Fahrrad,Unfall anderer Art
,2018,4,16,2,Unfall mit Schwerverletzten,6.0,6.0,0.0,0.0,1.0,0.0,0.0,,8.484258344000068,49.49351327300008,,,Unfall im Längsverkehr,"Fahrrad, Fußgänger",Zusammenstoß zwischen Fahrzeug und Fußgänger
,2018,4,16,2,Unfall mit Leichtverletzten,5.0,3.0,0.0,1.0,0.0,0.0,0.0,,8.49008713400002,49.46140636500007,,,Einbiegen / Kreuzen-Unfall,"Fahrrad, Pkw",Zusammenstoß mit einbiegendem / kreuzendem Fahrzeug
,2018,4,16,2,Unfall mit Schwerverletzten,6.0,7.0,0.0,0.0,1.0,0.0,0.0,,8.472802996000041,49.48284505600003,,,sonstiger Unfall,"Fahrrad, Fußgänger",Zusammenstoß zwischen Fahrzeug und Fußgänger
,2018,4,15,2,Unfall mit Leichtverletzten,6.0,4.0,0.0,0.0,1.0,0.0,0.0,,8.478828187000033,49.545413672000045,,,Überschreiten-Unfall,"Fahrrad, Fußgänger",Zusammenstoß zwischen Fahrzeug und Fußgänger
,2018,4,23,1,Unfall mit Leichtverletzten,0.0,7.0,2.0,0.0,0.0,0.0,0.0,,8.46685698300007,49.49927609200006,,,sonstiger Unfall,Fahrrad,Unfall anderer Art
,2018,4,23,1,Unfall mit Leichtverletzten,0.0,7.0,2.0,0.0,0.0,0.0,0.0,,8.476271196000027,49.48080634600007,,,sonstiger Unfall,Fahrrad,Unfall anderer Art
,2018,4,18,1,Unfall mit Leichtverletzten,5.0,3.0,0.0,1.0,0.0,0.0,0.0,,8.492227335000052,49.45870214800004,,,Einbiegen / Kreuzen-Unfall,"Fahrrad, Pkw",Zusammenstoß mit einbiegendem / kreuzendem Fahrzeug
,2018,4,15,1,Unfall mit Leichtverletzten,0.0,7.0,0.0,0.0,0.0,0.0,0.0,,8.562871747000031,49.467141921000064,,,sonstiger Unfall,Fahrrad,Unfall anderer Art
,2018,4,13,1,Unfall mit Leichtverletzten,3.0,2.0,0.0,1.0,0.0,0.0,0.0,,8.492411436000054,49.521896352000056,,,Abbiegeunfall,"Fahrrad, Pkw",Zusammenstoß mit seitlich in gleicher Richtung fahrendem Fahrzeug
,2018,3,20,7,Unfall mit Leichtverletzten,3.0,5.0,2.0,1.0,0.0,0.0,0.0,,8.462951714000042,49.48987433000008,,,Unfall durch ruhenden Verkehr,"Fahrrad, Pkw",Zusammenstoß mit seitlich in gleicher Richtung fahrendem Fahrzeug
,2018,3,19,7,Unfall mit Leichtverletzten,0.0,1.0,2.0,0.0,0.0,0.0,0.0,,8.474028980000071,49.481221393000055,,,Fahrunfall,Fahrrad,Unfall anderer Art
,2018,3,12,7,Unfall mit Leichtverletzten,1.0,3.0,0.0,1.0,0.0,0.0,0.0,,8.469326075000026,49.49366707200005,,,Einbiegen / Kreuzen-Unfall,"Fahrrad, Pkw",Zusammenstoß mit anfahrendem/ anhaltendem/ ruhendem Fahrzeug
,2018,3,16,6,Unfall mit Leichtverletzten,5.0,3.0,0.0,1.0,0.0,0.0,0.0,,8.530106989000046,49.50954557700004,,,Einbiegen / Kreuzen-Unfall,"Fahrrad, Pkw",Zusammenstoß mit einbiegendem / kreuzendem Fahrzeug
,2018,3,15,6,Unfall mit Leichtverletzten,5.0,3.0,0.0,1.0,0.0,0.0,0.0,,8.48831018800007,49.49754229900003,,,Einbiegen / Kreuzen-Unfall,"Fahrrad, Pkw",Zusammenstoß mit einbiegendem / kreuzendem Fahrzeug
,2018,3,13,6,Unfall mit Leichtverletzten,6.0,7.0,0.0,0.0,1.0,0.0,0.0,,8.472259717000043,49.49754716800004,,,sonstiger Unfall,"Fahrrad, Fußgänger",Zusammenstoß zwischen Fahrzeug und Fußgänger
,2018,3,8,6,Unfall mit Leichtverletzten,0.0,7.0,0.0,0.0,0.0,0.0,0.0,,8.455333841000026,49.48456122700002,,,sonstiger Unfall,Fahrrad,Unfall anderer Art
,2018,3,22,5,Unfall mit Leichtverletzten,5.0,3.0,2.0,1.0,0.0,0.0,0.0,,8.537955879000037,49.51817599600008,,,Einbiegen / Kreuzen-Unfall,"Fahrrad, Pkw",Zusammenstoß mit einbiegendem / kreuzendem Fahrzeug
,2018,3,20,5,Unfall mit Leichtverletzten,0.0,7.0,2.0,1.0,0.0,0.0,0.0,,8.485672027000021,49.46650969300004,,,sonstiger Unfall,"Fahrrad, Pkw",Unfall anderer Art
,2018,3,10,5,Unfall mit Leichtverletzten,5.0,3.0,0.0,1.0,0.0,0.0,0.0,,8.486265634000063,49.45295554200004,,,Einbiegen / Kreuzen-Unfall,"Fahrrad, Pkw",Zusammenstoß mit einbiegendem / kreuzendem Fahrzeug
,2018,3,22,4,Unfall mit Leichtverletzten,0.0,7.0,2.0,0.0,0.0,0.0,0.0,,8.48552873500006,49.462717328000046,,,sonstiger Unfall,Fahrrad,Unfall anderer Art
,2018,3,17,4,Unfall mit Getöteten,5.0,3.0,0.0,0.0,0.0,0.0,0.0,,8.471316736000063,49.510679639000045,Nach einem Unfall am Mittwochabend in der Waldhofstraße in Mannheim schwebt ein Radfahrer in Lebensgefahr. Beim Überqueren der Gleise wurde er laut Polizei von einer Straßenbahn erfasst. Das Alter des Radfahrers konnte die Polizei zunächst nicht mitteilen. Auch der genaue Unfallhergang blieb zunächst offen. Anmerkung: Später im Krankenhaus verstorben.,Neckarstadt,Einbiegen / Kreuzen-Unfall,Fahrrad,Zusammenstoß mit einbiegendem / kreuzendem Fahrzeug
,2018,3,17,4,Unfall mit Leichtverletzten,1.0,6.0,1.0,1.0,0.0,0.0,0.0,,8.46790524100004,49.47670975100005,,,Unfall im Längsverkehr,"Fahrrad, Pkw",Zusammenstoß mit anfahrendem/ anhaltendem/ ruhendem Fahrzeug
,2018,3,13,4,Unfall mit Leichtverletzten,0.0,5.0,0.0,1.0,0.0,0.0,0.0,,8.489633444000049,49.52952275100006,,,Unfall durch ruhenden Verkehr,"Fahrrad, Pkw",Unfall anderer Art
,2018,3,12,4,Unfall mit Leichtverletzten,5.0,3.0,0.0,1.0,0.0,0.0,0.0,,8.571194152000032,49.43431636300005,,,Einbiegen / Kreuzen-Unfall,"Fahrrad, Pkw",Zusammenstoß mit einbiegendem / kreuzendem Fahrzeug
,2018,3,8,4,Unfall mit Leichtverletzten,5.0,3.0,0.0,1.0,0.0,0.0,0.0,,8.47809869300005,49.48679976600005,,,Einbiegen / Kreuzen-Unfall,"Fahrrad, Pkw",Zusammenstoß mit einbiegendem / kreuzendem Fahrzeug
,2018,3,18,3,Unfall mit Getöteten,,,,,,,,,8.4466742,49.4946834,"13.03.2018: Ein 17-jähriger Radfahrer ist in der Mannheimer Innenstadt zu Tode gekommen, als er das Gleichgewicht verlor und in den Rhein stürzte. Ersten Erkenntnissen zufolge soll der Jugendliche am Dienstag gegen 18.45 Uhr mit seinem Fahrrad im Handelshafen unterwegs gewesen sein. Wie die Polizei mitteilte, streifte er vermutlich das Gleis eines Hafenkrans, verlor die Kontrolle über sein Rad und stürzte über die etwa fünf Meter hohe Kaimauer in den Rhein. Eine Schiffsbesatzung entdeckte den leblosen Körper und alarmierte die Rettungskräfte. Die Feuerwehr konnte den 17-Jährigen nur noch tot bergen. Weshalb der 17-Jährige die Kontrolle über sein Fahrrad verlor, war zunächst unklar. Der Polizei zufolge gibt es keinen Hinweis auf Alkoholeinfluss. Mögliche Ursachen könnten zu hohe Geschwindigkeit oder Unaufmerksamkeit gewesen sein. .",Innenstadt,Unbekannt,Fahrrad,Unbekannt
,2018,3,13,3,Unfall mit Leichtverletzten,3.0,6.0,0.0,1.0,0.0,0.0,0.0,,8.475202892000027,49.481349395000045,,,Unfall im Längsverkehr,"Fahrrad, Pkw",Zusammenstoß mit seitlich in gleicher Richtung fahrendem Fahrzeug
,2018,3,13,2,Unfall mit Leichtverletzten,6.0,7.0,0.0,0.0,1.0,0.0,0.0,,8.479878620000022,49.48266664800008,,,sonstiger Unfall,"Fahrrad, Fußgänger",Zusammenstoß zwischen Fahrzeug und Fußgänger
,2018,3,10,2,Unfall mit Leichtverletzten,5.0,3.0,0.0,1.0,0.0,0.0,0.0,,8.481110791000049,49.45682816100003,,,Einbiegen / Kreuzen-Unfall,"Fahrrad, Pkw",Zusammenstoß mit einbiegendem / kreuzendem Fahrzeug
,2018,2,23,7,Unfall mit Leichtverletzten,6.0,7.0,2.0,0.0,1.0,0.0,0.0,,8.461985083000059,49.49230674700004,,,sonstiger Unfall,"Fahrrad, Fußgänger",Zusammenstoß zwischen Fahrzeug und Fußgänger
,2018,2,13,7,Unfall mit Leichtverletzten,5.0,3.0,0.0,1.0,0.0,0.0,0.0,,8.508965185000022,49.51718341800006,,,Einbiegen / Kreuzen-Unfall,"Fahrrad, Pkw",Zusammenstoß mit einbiegendem / kreuzendem Fahrzeug
,2018,2,8,7,Unfall mit Leichtverletzten,5.0,3.0,0.0,1.0,0.0,0.0,0.0,,8.49263598300007,49.478483623000045,,,Einbiegen / Kreuzen-Unfall,"Fahrrad, Pkw",Zusammenstoß mit einbiegendem / kreuzendem Fahrzeug
,2018,2,9,5,Unfall mit Leichtverletzten,0.0,7.0,0.0,1.0,0.0,0.0,0.0,,8.474405612000055,49.496740831000075,,,sonstiger Unfall,"Fahrrad, Pkw",Unfall anderer Art
,2018,2,6,5,Unfall mit Leichtverletzten,5.0,3.0,2.0,1.0,0.0,0.0,0.0,,8.461701677000065,49.51691663500003,,,Einbiegen / Kreuzen-Unfall,"Fahrrad, Pkw",Zusammenstoß mit einbiegendem / kreuzendem Fahrzeug
,2018,2,13,4,Unfall mit Leichtverletzten,5.0,2.0,0.0,1.0,0.0,0.0,0.0,,8.467346064000026,49.49026947900006,,,Abbiegeunfall,"Fahrrad, Pkw",Zusammenstoß mit einbiegendem / kreuzendem Fahrzeug
,2018,2,18,3,Unfall mit Leichtverletzten,3.0,5.0,2.0,1.0,0.0,0.0,0.0,,8.481537140000057,49.48252619700003,,,Unfall durch ruhenden Verkehr,"Fahrrad, Pkw",Zusammenstoß mit seitlich in gleicher Richtung fahrendem Fahrzeug