OBJECTID,UJAHR,UMONAT,USTUNDE,UWOCHENTAG,UKATEGORIE,UART,UTYP1,ULICHTVERH,IstPKW,IstFuss,IstKrad,IstGkfz,IstSonstige,Longitude,Latitude,Kommentar,Stadtteil,typ,involved,art
,2018,2,14,3,Unfall mit Leichtverletzten,0.0,1.0,0.0,0.0,0.0,0.0,0.0,,8.493138335000026,49.56598583400007,,,Fahrunfall,Fahrrad,Unfall anderer Art
,2018,2,13,3,Unfall mit Leichtverletzten,4.0,6.0,0.0,0.0,0.0,0.0,0.0,,8.470095288000039,49.483037394000064,,,Unfall im Längsverkehr,Fahrrad,Zusammenstoß mit entgegenkommendem Fahrzeug
,2018,2,9,3,Unfall mit Schwerverletzten,5.0,3.0,0.0,1.0,0.0,0.0,0.0,,8.472936266000033,49.49557969900008,,,Einbiegen / Kreuzen-Unfall,"Fahrrad, Pkw",Zusammenstoß mit einbiegendem / kreuzendem Fahrzeug
,2018,2,16,2,Unfall mit Leichtverletzten,0.0,3.0,0.0,1.0,0.0,0.0,0.0,,8.483094379000022,49.48422954900008,,,Einbiegen / Kreuzen-Unfall,"Fahrrad, Pkw",Unfall anderer Art
,2018,2,10,2,Unfall mit Leichtverletzten,5.0,2.0,0.0,0.0,0.0,0.0,1.0,,8.455740156000047,49.48701727400004,,,Abbiegeunfall,"Fahrrad, LKW",Zusammenstoß mit einbiegendem / kreuzendem Fahrzeug
,2018,2,10,2,Unfall mit Leichtverletzten,0.0,7.0,0.0,1.0,0.0,0.0,0.0,,8.472309647000031,49.46912394100008,,,sonstiger Unfall,"Fahrrad, Pkw",Unfall anderer Art
,2018,1,14,6,Unfall mit Leichtverletzten,0.0,7.0,0.0,1.0,0.0,0.0,0.0,,8.480815908000068,49.45733019600005,,,sonstiger Unfall,"Fahrrad, Pkw",Unfall anderer Art
,2018,1,13,6,Unfall mit Leichtverletzten,3.0,5.0,0.0,1.0,0.0,0.0,0.0,,8.466321962000052,49.49036783200006,,,Unfall durch ruhenden Verkehr,"Fahrrad, Pkw",Zusammenstoß mit seitlich in gleicher Richtung fahrendem Fahrzeug
,2018,1,9,6,Unfall mit Leichtverletzten,0.0,1.0,0.0,0.0,0.0,0.0,0.0,,8.562734711000076,49.467212335000056,,,Fahrunfall,Fahrrad,Unfall anderer Art
,2018,1,18,5,Unfall mit Leichtverletzten,6.0,4.0,2.0,0.0,1.0,0.0,0.0,,8.468680107000068,49.485765167000075,,,Überschreiten-Unfall,"Fahrrad, Fußgänger",Zusammenstoß zwischen Fahrzeug und Fußgänger
,2018,1,14,5,Unfall mit Leichtverletzten,5.0,7.0,0.0,1.0,0.0,0.0,0.0,,8.488791461000062,49.53021608800003,,,sonstiger Unfall,"Fahrrad, Pkw",Zusammenstoß mit einbiegendem / kreuzendem Fahrzeug
,2018,1,12,5,Unfall mit Schwerverletzten,5.0,5.0,0.0,1.0,0.0,0.0,0.0,,8.485529825000071,49.489089240000055,,,Unfall durch ruhenden Verkehr,"Fahrrad, Pkw",Zusammenstoß mit einbiegendem / kreuzendem Fahrzeug
,2018,1,9,5,Unfall mit Leichtverletzten,5.0,2.0,0.0,1.0,0.0,0.0,0.0,,8.506750687000022,49.509503817000045,,,Abbiegeunfall,"Fahrrad, Pkw",Zusammenstoß mit einbiegendem / kreuzendem Fahrzeug
,2018,1,9,5,Unfall mit Schwerverletzten,5.0,3.0,0.0,1.0,0.0,0.0,0.0,,8.50671621400005,49.50951551600008,,,Einbiegen / Kreuzen-Unfall,"Fahrrad, Pkw",Zusammenstoß mit einbiegendem / kreuzendem Fahrzeug
,2018,1,0,5,Unfall mit Schwerverletzten,8.0,7.0,2.0,0.0,0.0,0.0,0.0,,8.466401160000032,49.49956013900004,,,sonstiger Unfall,Fahrrad,Abkommen von Fahrbahn nach rechts
,2018,1,18,4,Unfall mit Schwerverletzten,1.0,5.0,2.0,1.0,0.0,0.0,0.0,,8.467452800000046,49.48623986600006,,,Unfall durch ruhenden Verkehr,"Fahrrad, Pkw",Zusammenstoß mit anfahrendem/ anhaltendem/ ruhendem Fahrzeug
,2018,1,17,4,Unfall mit Leichtverletzten,5.0,2.0,2.0,1.0,0.0,0.0,0.0,,8.478564196000036,49.46033425300004,,,Abbiegeunfall,"Fahrrad, Pkw",Zusammenstoß mit einbiegendem / kreuzendem Fahrzeug
,2018,1,14,4,Unfall mit Leichtverletzten,5.0,3.0,0.0,1.0,0.0,0.0,0.0,,8.494647230000055,49.45155001200004,,,Einbiegen / Kreuzen-Unfall,"Fahrrad, Pkw",Zusammenstoß mit einbiegendem / kreuzendem Fahrzeug
,2018,1,13,4,Unfall mit Leichtverletzten,4.0,6.0,0.0,1.0,0.0,0.0,0.0,,8.46606908700005,49.49071276800004,,,Unfall im Längsverkehr,"Fahrrad, Pkw",Zusammenstoß mit entgegenkommendem Fahrzeug
,2018,1,15,2,Unfall mit Leichtverletzten,4.0,6.0,0.0,0.0,0.0,1.0,0.0,,8.512276816000053,49.48946859500006,,,Unfall im Längsverkehr,"Fahrrad, Kraftrad",Zusammenstoß mit entgegenkommendem Fahrzeug
,2018,1,16,1,Unfall mit Leichtverletzten,5.0,3.0,1.0,1.0,0.0,0.0,0.0,,8.524613905000024,49.509680521000064,,,Einbiegen / Kreuzen-Unfall,"Fahrrad, Pkw",Zusammenstoß mit einbiegendem / kreuzendem Fahrzeug
59031.0,2017,12,12,7,Unfall mit Schwerverletzten,5.0,2.0,,1.0,0.0,0.0,,,8.538703173000044,49.48492290400003,,,Abbiegeunfall,"Fahrrad, Pkw",Zusammenstoß mit einbiegendem / kreuzendem Fahrzeug
158346.0,2017,12,17,6,Unfall mit Leichtverletzten,3.0,2.0,,1.0,0.0,0.0,,,8.454922343000021,49.54013957300003,,,Abbiegeunfall,"Fahrrad, Pkw",Zusammenstoß mit seitlich in gleicher Richtung fahrendem Fahrzeug
158144.0,2017,12,7,6,Unfall mit Leichtverletzten,5.0,2.0,,1.0,0.0,0.0,,,8.478386581000052,49.46024718300004,,,Abbiegeunfall,"Fahrrad, Pkw",Zusammenstoß mit einbiegendem / kreuzendem Fahrzeug
158524.0,2017,12,13,5,Unfall mit Leichtverletzten,5.0,3.0,,1.0,0.0,0.0,,,8.559720398000024,49.46456820100008,,,Einbiegen / Kreuzen-Unfall,"Fahrrad, Pkw",Zusammenstoß mit einbiegendem / kreuzendem Fahrzeug
158750.0,2017,12,10,5,Unfall mit Schwerverletzten,0.0,7.0,,0.0,0.0,0.0,,,8.52630739500006,49.48938853000004,,,sonstiger Unfall,Fahrrad,Unfall anderer Art
158912.0,2017,12,15,4,Unfall mit Leichtverletzten,5.0,5.0,,1.0,0.0,0.0,,,8.454257282000071,49.495333722000055,,,Unfall durch ruhenden Verkehr,"Fahrrad, Pkw",Zusammenstoß mit einbiegendem / kreuzendem Fahrzeug
59663.0,2017,12,18,3,Unfall mit Leichtverletzten,3.0,6.0,,1.0,0.0,0.0,,,8.48700360500004,49.46517113600004,,,Unfall im Längsverkehr,"Fahrrad, Pkw",Zusammenstoß mit seitlich in gleicher Richtung fahrendem Fahrzeug
158242.0,2017,12,17,3,Unfall mit Leichtverletzten,5.0,2.0,,1.0,0.0,0.0,,,8.476016980000054,49.48117920200008,,,Abbiegeunfall,"Fahrrad, Pkw",Zusammenstoß mit einbiegendem / kreuzendem Fahrzeug
158241.0,2017,12,13,3,Unfall mit Leichtverletzten,3.0,2.0,,1.0,0.0,0.0,,,8.490051158000028,49.52819650900005,,,Abbiegeunfall,"Fahrrad, Pkw",Zusammenstoß mit seitlich in gleicher Richtung fahrendem Fahrzeug
158602.0,2017,12,17,2,Unfall mit Leichtverletzten,6.0,7.0,,0.0,1.0,0.0,,,8.470749700000056,49.489911521000074,,,sonstiger Unfall,"Fahrrad, Fußgänger",Zusammenstoß zwischen Fahrzeug und Fußgänger
158281.0,2017,12,16,2,Unfall mit Leichtverletzten,5.0,3.0,,0.0,0.0,0.0,,,8.506769091000024,49.50949758300004,,,Einbiegen / Kreuzen-Unfall,Fahrrad,Zusammenstoß mit einbiegendem / kreuzendem Fahrzeug
158601.0,2017,12,9,2,Unfall mit Leichtverletzten,1.0,5.0,,1.0,0.0,0.0,,,8.477352775000043,49.49760147000006,,,Unfall durch ruhenden Verkehr,"Fahrrad, Pkw",Zusammenstoß mit anfahrendem/ anhaltendem/ ruhendem Fahrzeug
158300.0,2017,12,12,1,Unfall mit Leichtverletzten,5.0,3.0,,1.0,0.0,0.0,,,8.531703182000058,49.49039724100004,,,Einbiegen / Kreuzen-Unfall,"Fahrrad, Pkw",Zusammenstoß mit einbiegendem / kreuzendem Fahrzeug
157468.0,2017,11,10,7,Unfall mit Leichtverletzten,3.0,2.0,,1.0,0.0,0.0,,,8.471151316000032,49.50012991800003,,,Abbiegeunfall,"Fahrrad, Pkw",Zusammenstoß mit seitlich in gleicher Richtung fahrendem Fahrzeug
158052.0,2017,11,3,7,Unfall mit Leichtverletzten,5.0,3.0,,1.0,0.0,0.0,,,8.473567374000027,49.49192260600007,,,Einbiegen / Kreuzen-Unfall,"Fahrrad, Pkw",Zusammenstoß mit einbiegendem / kreuzendem Fahrzeug
158084.0,2017,11,20,6,Unfall mit Leichtverletzten,1.0,5.0,,1.0,0.0,0.0,,,8.47071513000003,49.486853973000045,,,Unfall durch ruhenden Verkehr,"Fahrrad, Pkw",Zusammenstoß mit anfahrendem/ anhaltendem/ ruhendem Fahrzeug
158085.0,2017,11,15,6,Unfall mit Leichtverletzten,5.0,3.0,,1.0,0.0,0.0,,,8.466255232000037,49.49270366700006,,,Einbiegen / Kreuzen-Unfall,"Fahrrad, Pkw",Zusammenstoß mit einbiegendem / kreuzendem Fahrzeug
157807.0,2017,11,13,6,Unfall mit Leichtverletzten,8.0,7.0,,0.0,0.0,0.0,,,8.49654304400002,49.52548780100005,,,sonstiger Unfall,Fahrrad,Abkommen von Fahrbahn nach rechts
158086.0,2017,11,7,6,Unfall mit Schwerverletzten,5.0,3.0,,1.0,0.0,0.0,,,8.478473904000055,49.46026969000008,,,Einbiegen / Kreuzen-Unfall,"Fahrrad, Pkw",Zusammenstoß mit einbiegendem / kreuzendem Fahrzeug
157549.0,2017,11,15,5,Unfall mit Leichtverletzten,6.0,7.0,,0.0,1.0,0.0,,,8.503531336000037,49.45747807800007,,,sonstiger Unfall,"Fahrrad, Fußgänger",Zusammenstoß zwischen Fahrzeug und Fußgänger
157840.0,2017,11,7,5,Unfall mit Leichtverletzten,6.0,7.0,,0.0,1.0,0.0,,,8.523497120000059,49.43600404700004,,,sonstiger Unfall,"Fahrrad, Fußgänger",Zusammenstoß zwischen Fahrzeug und Fußgänger
157650.0,2017,11,16,4,Unfall mit Leichtverletzten,5.0,2.0,,1.0,0.0,0.0,,,8.47799423300006,49.49762104800004,,,Abbiegeunfall,"Fahrrad, Pkw",Zusammenstoß mit einbiegendem / kreuzendem Fahrzeug
157380.0,2017,11,6,3,Unfall mit Leichtverletzten,5.0,7.0,,1.0,0.0,0.0,,,8.488634413000057,49.50487984000006,,,sonstiger Unfall,"Fahrrad, Pkw",Zusammenstoß mit einbiegendem / kreuzendem Fahrzeug
157415.0,2017,11,18,2,Unfall mit Leichtverletzten,4.0,2.0,,1.0,0.0,0.0,,,8.478548962000048,49.46035530800003,,,Abbiegeunfall,"Fahrrad, Pkw",Zusammenstoß mit entgegenkommendem Fahrzeug
57901.0,2017,11,10,2,Unfall mit Leichtverletzten,5.0,7.0,,1.0,0.0,0.0,,,8.475092729000039,49.485127099000074,,,sonstiger Unfall,"Fahrrad, Pkw",Zusammenstoß mit einbiegendem / kreuzendem Fahrzeug
57926.0,2017,11,10,2,Unfall mit Leichtverletzten,5.0,3.0,,0.0,0.0,0.0,,,8.53083852800006,49.48668153900008,,,Einbiegen / Kreuzen-Unfall,Fahrrad,Zusammenstoß mit einbiegendem / kreuzendem Fahrzeug
157165.0,2017,11,8,2,Unfall mit Schwerverletzten,1.0,3.0,,1.0,0.0,0.0,,,8.481243938000034,49.49774820800008,,,Einbiegen / Kreuzen-Unfall,"Fahrrad, Pkw",Zusammenstoß mit anfahrendem/ anhaltendem/ ruhendem Fahrzeug
158010.0,2017,11,7,2,Unfall mit Leichtverletzten,6.0,4.0,,0.0,1.0,0.0,,,8.468279495000047,49.48096518600005,,,Überschreiten-Unfall,"Fahrrad, Fußgänger",Zusammenstoß zwischen Fahrzeug und Fußgänger
158035.0,2017,11,19,1,Unfall mit Leichtverletzten,5.0,3.0,,1.0,0.0,0.0,,,8.484194090000074,49.49715055900003,,,Einbiegen / Kreuzen-Unfall,"Fahrrad, Pkw",Zusammenstoß mit einbiegendem / kreuzendem Fahrzeug
156212.0,2017,10,15,7,Unfall mit Leichtverletzten,1.0,5.0,,1.0,0.0,0.0,,,8.46803856400004,49.48724554100005,,,Unfall durch ruhenden Verkehr,"Fahrrad, Pkw",Zusammenstoß mit anfahrendem/ anhaltendem/ ruhendem Fahrzeug
156447.0,2017,10,0,7,Unfall mit Schwerverletzten,0.0,1.0,,0.0,0.0,0.0,,,8.491170818000057,49.47690273300003,,,Fahrunfall,Fahrrad,Unfall anderer Art
156940.0,2017,10,16,6,Unfall mit Leichtverletzten,5.0,3.0,,0.0,0.0,0.0,,,8.44465776900006,49.54665899500003,,,Einbiegen / Kreuzen-Unfall,Fahrrad,Zusammenstoß mit einbiegendem / kreuzendem Fahrzeug
156941.0,2017,10,16,6,Unfall mit Leichtverletzten,1.0,7.0,,1.0,0.0,0.0,,,8.464774784000042,49.50001356900003,,,sonstiger Unfall,"Fahrrad, Pkw",Zusammenstoß mit anfahrendem/ anhaltendem/ ruhendem Fahrzeug
156681.0,2017,10,12,6,Unfall mit Schwerverletzten,5.0,2.0,,1.0,0.0,0.0,,,8.449573672000042,49.54033101800008,,,Abbiegeunfall,"Fahrrad, Pkw",Zusammenstoß mit einbiegendem / kreuzendem Fahrzeug
156939.0,2017,10,12,6,Unfall mit Schwerverletzten,5.0,3.0,,1.0,0.0,0.0,,,8.481085417000031,49.45682074500007,,,Einbiegen / Kreuzen-Unfall,"Fahrrad, Pkw",Zusammenstoß mit einbiegendem / kreuzendem Fahrzeug
156492.0,2017,10,8,6,Unfall mit Leichtverletzten,1.0,5.0,,1.0,0.0,0.0,,,8.525204503000055,49.49063404500004,,,Unfall durch ruhenden Verkehr,"Fahrrad, Pkw",Zusammenstoß mit anfahrendem/ anhaltendem/ ruhendem Fahrzeug
156493.0,2017,10,8,6,Unfall mit Leichtverletzten,5.0,3.0,,1.0,0.0,0.0,,,8.546598890000041,49.49651769200005,,,Einbiegen / Kreuzen-Unfall,"Fahrrad, Pkw",Zusammenstoß mit einbiegendem / kreuzendem Fahrzeug
155792.0,2017,10,15,5,Unfall mit Leichtverletzten,3.0,7.0,,1.0,0.0,0.0,,,8.46457844400004,49.487350806000045,,,sonstiger Unfall,"Fahrrad, Pkw",Zusammenstoß mit seitlich in gleicher Richtung fahrendem Fahrzeug
155789.0,2017,10,13,5,Unfall mit Leichtverletzten,3.0,2.0,,0.0,0.0,0.0,,,8.493787059000056,49.52440329700005,,,Abbiegeunfall,Fahrrad,Zusammenstoß mit seitlich in gleicher Richtung fahrendem Fahrzeug
156542.0,2017,10,11,5,Unfall mit Leichtverletzten,5.0,3.0,,0.0,0.0,0.0,,,8.462994920000028,49.48668860600003,,,Einbiegen / Kreuzen-Unfall,Fahrrad,Zusammenstoß mit einbiegendem / kreuzendem Fahrzeug
56722.0,2017,10,9,5,Unfall mit Leichtverletzten,5.0,2.0,,1.0,0.0,0.0,,,8.479753041000038,49.48853440000005,,,Abbiegeunfall,"Fahrrad, Pkw",Zusammenstoß mit einbiegendem / kreuzendem Fahrzeug
156772.0,2017,10,20,4,Unfall mit Leichtverletzten,6.0,4.0,,0.0,1.0,0.0,,,8.47236293900005,49.48622183300006,,,Überschreiten-Unfall,"Fahrrad, Fußgänger",Zusammenstoß zwischen Fahrzeug und Fußgänger
155842.0,2017,10,17,4,Unfall mit Leichtverletzten,0.0,5.0,,1.0,0.0,0.0,,,8.467415526000025,49.48778016800002,,,Unfall durch ruhenden Verkehr,"Fahrrad, Pkw",Unfall anderer Art
156768.0,2017,10,17,4,Unfall mit Leichtverletzten,5.0,3.0,,1.0,0.0,0.0,,,8.493683102000034,49.50080995600007,,,Einbiegen / Kreuzen-Unfall,"Fahrrad, Pkw",Zusammenstoß mit einbiegendem / kreuzendem Fahrzeug
156067.0,2017,10,8,4,Unfall mit Leichtverletzten,5.0,2.0,,1.0,0.0,0.0,,,8.466872090000038,49.51076143000006,,,Abbiegeunfall,"Fahrrad, Pkw",Zusammenstoß mit einbiegendem / kreuzendem Fahrzeug
155876.0,2017,10,14,3,Unfall mit Leichtverletzten,0.0,7.0,,0.0,0.0,0.0,,,8.484590196000056,49.50072275200006,,,sonstiger Unfall,Fahrrad,Unfall anderer Art
156826.0,2017,10,14,3,Unfall mit Schwerverletzten,5.0,3.0,,0.0,0.0,1.0,,,8.486534666000068,49.52654520900006,,,Einbiegen / Kreuzen-Unfall,"Fahrrad, Kraftrad",Zusammenstoß mit einbiegendem / kreuzendem Fahrzeug
56287.0,2017,10,12,3,Unfall mit Leichtverletzten,0.0,7.0,,0.0,0.0,0.0,,,8.56499586600006,49.46547933300008,,,sonstiger Unfall,Fahrrad,Unfall anderer Art
156842.0,2017,10,12,3,Unfall mit Leichtverletzten,5.0,5.0,,1.0,0.0,0.0,,,8.489650377000032,49.52249231500008,,,Unfall durch ruhenden Verkehr,"Fahrrad, Pkw",Zusammenstoß mit einbiegendem / kreuzendem Fahrzeug
156841.0,2017,10,11,3,Unfall mit Leichtverletzten,5.0,3.0,,0.0,0.0,1.0,,,8.460009212000045,49.49309857900005,,,Einbiegen / Kreuzen-Unfall,"Fahrrad, Kraftrad",Zusammenstoß mit einbiegendem / kreuzendem Fahrzeug
156819.0,2017,10,10,3,Unfall mit Leichtverletzten,5.0,2.0,,1.0,0.0,0.0,,,8.48761240400006,49.52646361800004,,,Abbiegeunfall,"Fahrrad, Pkw",Zusammenstoß mit einbiegendem / kreuzendem Fahrzeug
156108.0,2017,10,8,3,Unfall mit Leichtverletzten,5.0,3.0,,1.0,0.0,0.0,,,8.506248822000032,49.47808317700003,,,Einbiegen / Kreuzen-Unfall,"Fahrrad, Pkw",Zusammenstoß mit einbiegendem / kreuzendem Fahrzeug
156350.0,2017,10,23,2,Unfall mit Leichtverletzten,4.0,6.0,,0.0,0.0,0.0,,,8.48004287200007,49.51419316800008,,,Unfall im Längsverkehr,Fahrrad,Zusammenstoß mit entgegenkommendem Fahrzeug
155906.0,2017,10,20,2,Unfall mit Leichtverletzten,0.0,1.0,,0.0,0.0,0.0,,,8.51219642500007,49.50798507700006,,,Fahrunfall,Fahrrad,Unfall anderer Art
156349.0,2017,10,17,2,Unfall mit Leichtverletzten,6.0,7.0,,0.0,1.0,0.0,,,8.481696251000074,49.47912633100003,,,sonstiger Unfall,"Fahrrad, Fußgänger",Zusammenstoß zwischen Fahrzeug und Fußgänger
155907.0,2017,10,11,2,Unfall mit Leichtverletzten,0.0,7.0,,0.0,0.0,0.0,,,8.492065024000055,49.50671366800003,,,sonstiger Unfall,Fahrrad,Unfall anderer Art
55344.0,2017,10,8,2,Unfall mit Schwerverletzten,5.0,3.0,,0.0,0.0,0.0,,,8.486879991000023,49.49638965200006,,,Einbiegen / Kreuzen-Unfall,Fahrrad,Zusammenstoß mit einbiegendem / kreuzendem Fahrzeug
156406.0,2017,10,14,1,Unfall mit Leichtverletzten,1.0,7.0,,1.0,0.0,0.0,,,8.484821185000044,49.47684234900004,,,sonstiger Unfall,"Fahrrad, Pkw",Zusammenstoß mit anfahrendem/ anhaltendem/ ruhendem Fahrzeug
155209.0,2017,9,14,7,Unfall mit Leichtverletzten,1.0,5.0,,1.0,0.0,0.0,,,8.469521152000027,49.48887274000003,,,Unfall durch ruhenden Verkehr,"Fahrrad, Pkw",Zusammenstoß mit anfahrendem/ anhaltendem/ ruhendem Fahrzeug
155725.0,2017,9,14,7,Unfall mit Leichtverletzten,5.0,3.0,,1.0,0.0,0.0,,,8.47854407400007,49.46028502700005,,,Einbiegen / Kreuzen-Unfall,"Fahrrad, Pkw",Zusammenstoß mit einbiegendem / kreuzendem Fahrzeug
54522.0,2017,9,13,7,Unfall mit Leichtverletzten,0.0,7.0,,0.0,0.0,0.0,,,8.479572308000058,49.48833057400003,,,sonstiger Unfall,Fahrrad,Unfall anderer Art
155504.0,2017,9,18,6,Unfall mit Leichtverletzten,5.0,3.0,,1.0,0.0,0.0,,,8.509789496000053,49.46392675900007,,,Einbiegen / Kreuzen-Unfall,"Fahrrad, Pkw",Zusammenstoß mit einbiegendem / kreuzendem Fahrzeug
155770.0,2017,9,14,6,Unfall mit Leichtverletzten,3.0,2.0,,1.0,0.0,0.0,,,8.469844273000035,49.50560432000003,,,Abbiegeunfall,"Fahrrad, Pkw",Zusammenstoß mit seitlich in gleicher Richtung fahrendem Fahrzeug
54011.0,2017,9,12,6,Unfall mit Schwerverletzten,0.0,7.0,,0.0,0.0,0.0,,,8.446102254000039,49.49001558200007,,,sonstiger Unfall,Fahrrad,Unfall anderer Art
155769.0,2017,9,12,6,Unfall mit Schwerverletzten,3.0,6.0,,1.0,0.0,0.0,,,8.528460822000056,49.48822161700008,,,Unfall im Längsverkehr,"Fahrrad, Pkw",Zusammenstoß mit seitlich in gleicher Richtung fahrendem Fahrzeug
155768.0,2017,9,9,6,Unfall mit Leichtverletzten,5.0,3.0,,1.0,0.0,0.0,,,8.52744705400005,49.43347648300005,,,Einbiegen / Kreuzen-Unfall,"Fahrrad, Pkw",Zusammenstoß mit einbiegendem / kreuzendem Fahrzeug
54249.0,2017,9,16,5,Unfall mit Leichtverletzten,3.0,6.0,,1.0,0.0,0.0,,,8.501424408000048,49.50475313800007,,,Unfall im Längsverkehr,"Fahrrad, Pkw",Zusammenstoß mit seitlich in gleicher Richtung fahrendem Fahrzeug
155295.0,2017,9,16,5,Unfall mit Leichtverletzten,2.0,1.0,,1.0,0.0,0.0,,,8.477038794000066,49.48272586900004,,,Fahrunfall,"Fahrrad, Pkw",Zusammenstoß mit vorausfahrendem / wartendem Fahrzeug
155542.0,2017,9,5,5,Unfall mit Leichtverletzten,8.0,6.0,,0.0,0.0,0.0,,,8.463330747000043,49.48783274500005,,,Unfall im Längsverkehr,Fahrrad,Abkommen von Fahrbahn nach rechts
53807.0,2017,9,23,4,Unfall mit Leichtverletzten,3.0,6.0,,1.0,0.0,0.0,,,8.473665456000049,49.48327929200008,,,Unfall im Längsverkehr,"Fahrrad, Pkw",Zusammenstoß mit seitlich in gleicher Richtung fahrendem Fahrzeug
53806.0,2017,9,22,4,Unfall mit Leichtverletzten,3.0,2.0,,1.0,0.0,0.0,,,8.462287053000068,49.48477401500002,,,Abbiegeunfall,"Fahrrad, Pkw",Zusammenstoß mit seitlich in gleicher Richtung fahrendem Fahrzeug
155337.0,2017,9,17,4,Unfall mit Leichtverletzten,5.0,3.0,,1.0,0.0,0.0,,,8.501453569000034,49.50438973400002,,,Einbiegen / Kreuzen-Unfall,"Fahrrad, Pkw",Zusammenstoß mit einbiegendem / kreuzendem Fahrzeug
155588.0,2017,9,17,4,Unfall mit Schwerverletzten,6.0,4.0,,0.0,1.0,0.0,,,8.469749596000042,49.48022138800008,,,Überschreiten-Unfall,"Fahrrad, Fußgänger",Zusammenstoß zwischen Fahrzeug und Fußgänger
54376.0,2017,9,16,4,Unfall mit Leichtverletzten,5.0,3.0,,1.0,0.0,0.0,,,8.464886162000028,49.48373688300006,,,Einbiegen / Kreuzen-Unfall,"Fahrrad, Pkw",Zusammenstoß mit einbiegendem / kreuzendem Fahrzeug
155585.0,2017,9,12,4,Unfall mit Leichtverletzten,3.0,6.0,,1.0,0.0,0.0,,,8.508717342000068,49.51420044600008,,,Unfall im Längsverkehr,"Fahrrad, Pkw",Zusammenstoß mit seitlich in gleicher Richtung fahrendem Fahrzeug
155586.0,2017,9,12,4,Unfall mit Leichtverletzten,6.0,7.0,,0.0,1.0,0.0,,,8.471394060000023,49.48572319400006,,,sonstiger Unfall,"Fahrrad, Fußgänger",Zusammenstoß zwischen Fahrzeug und Fußgänger
155339.0,2017,9,11,4,Unfall mit Leichtverletzten,3.0,3.0,,1.0,0.0,0.0,,,8.478502939000066,49.46027603600004,,,Einbiegen / Kreuzen-Unfall,"Fahrrad, Pkw",Zusammenstoß mit seitlich in gleicher Richtung fahrendem Fahrzeug
155338.0,2017,9,7,4,Unfall mit Leichtverletzten,5.0,3.0,,1.0,0.0,0.0,,,8.481867775000069,49.458119453000045,,,Einbiegen / Kreuzen-Unfall,"Fahrrad, Pkw",Zusammenstoß mit einbiegendem / kreuzendem Fahrzeug
155373.0,2017,9,20,3,Unfall mit Leichtverletzten,1.0,7.0,,1.0,0.0,0.0,,,8.484548189000066,49.47800238900004,,,sonstiger Unfall,"Fahrrad, Pkw",Zusammenstoß mit anfahrendem/ anhaltendem/ ruhendem Fahrzeug
155098.0,2017,9,11,3,Unfall mit Leichtverletzten,0.0,7.0,,0.0,0.0,0.0,,,8.535934174000033,49.474814133000045,,,sonstiger Unfall,Fahrrad,Unfall anderer Art
154866.0,2017,9,20,2,Unfall mit Schwerverletzten,1.0,5.0,,1.0,0.0,0.0,,,8.48807292600003,49.52725874200007,,,Unfall durch ruhenden Verkehr,"Fahrrad, Pkw",Zusammenstoß mit anfahrendem/ anhaltendem/ ruhendem Fahrzeug
154865.0,2017,9,16,2,Unfall mit Leichtverletzten,5.0,3.0,,1.0,0.0,0.0,,,8.500990759000047,49.52418588500007,,,Einbiegen / Kreuzen-Unfall,"Fahrrad, Pkw",Zusammenstoß mit einbiegendem / kreuzendem Fahrzeug
155419.0,2017,9,9,2,Unfall mit Leichtverletzten,5.0,2.0,,1.0,0.0,0.0,,,8.505826625000054,49.50659036000008,,,Abbiegeunfall,"Fahrrad, Pkw",Zusammenstoß mit einbiegendem / kreuzendem Fahrzeug
154900.0,2017,9,17,1,Unfall mit Leichtverletzten,0.0,7.0,,0.0,0.0,0.0,,,8.47799139500006,49.46012943400007,,,sonstiger Unfall,Fahrrad,Unfall anderer Art
153757.0,2017,8,10,7,Unfall mit Leichtverletzten,1.0,5.0,,1.0,0.0,0.0,,,8.478076656000042,49.49764949300004,,,Unfall durch ruhenden Verkehr,"Fahrrad, Pkw",Zusammenstoß mit anfahrendem/ anhaltendem/ ruhendem Fahrzeug
52844.0,2017,8,22,6,Unfall mit Leichtverletzten,4.0,6.0,,0.0,0.0,0.0,,,8.475504737000051,49.51579568200003,,,Unfall im Längsverkehr,Fahrrad,Zusammenstoß mit entgegenkommendem Fahrzeug
154413.0,2017,8,19,6,Unfall mit Leichtverletzten,5.0,3.0,,1.0,0.0,0.0,,,8.464844385000049,49.490160280000055,,,Einbiegen / Kreuzen-Unfall,"Fahrrad, Pkw",Zusammenstoß mit einbiegendem / kreuzendem Fahrzeug