OBJECTID,UJAHR,UMONAT,USTUNDE,UWOCHENTAG,UKATEGORIE,UART,UTYP1,ULICHTVERH,IstPKW,IstFuss,IstKrad,IstGkfz,IstSonstige,Longitude,Latitude,Kommentar,Stadtteil,typ,involved,art
52770.0,2017,8,17,6,Unfall mit Leichtverletzten,3.0,2.0,,1.0,0.0,0.0,,,8.490413097000044,49.46081639400006,,,Abbiegeunfall,"Fahrrad, Pkw",Zusammenstoß mit seitlich in gleicher Richtung fahrendem Fahrzeug
154226.0,2017,8,17,5,Unfall mit Schwerverletzten,5.0,3.0,,1.0,0.0,0.0,,,8.44717498500006,49.55759751500005,,,Einbiegen / Kreuzen-Unfall,"Fahrrad, Pkw",Zusammenstoß mit einbiegendem / kreuzendem Fahrzeug
154510.0,2017,8,15,5,Unfall mit Leichtverletzten,5.0,3.0,,1.0,0.0,0.0,,,8.473454840000045,49.51365002200004,,,Einbiegen / Kreuzen-Unfall,"Fahrrad, Pkw",Zusammenstoß mit einbiegendem / kreuzendem Fahrzeug
51870.0,2017,8,1,5,Unfall mit Leichtverletzten,0.0,7.0,,0.0,0.0,0.0,,,8.58404801100005,49.45685943400008,,,sonstiger Unfall,Fahrrad,Unfall anderer Art
154265.0,2017,8,16,4,Unfall mit Leichtverletzten,0.0,7.0,,0.0,0.0,0.0,,,8.481668747000072,49.47914931200006,,,sonstiger Unfall,Fahrrad,Unfall anderer Art
154266.0,2017,8,14,4,Unfall mit Leichtverletzten,0.0,7.0,,0.0,0.0,0.0,,,8.472572438000043,49.49968289100008,,,sonstiger Unfall,Fahrrad,Unfall anderer Art
154548.0,2017,8,12,4,Unfall mit Leichtverletzten,5.0,3.0,,1.0,0.0,0.0,,,8.462796838000031,49.488965908000075,,,Einbiegen / Kreuzen-Unfall,"Fahrrad, Pkw",Zusammenstoß mit einbiegendem / kreuzendem Fahrzeug
154481.0,2017,8,9,4,Unfall mit Leichtverletzten,5.0,3.0,,1.0,0.0,0.0,,,8.524364246000061,49.43999991100002,,,Einbiegen / Kreuzen-Unfall,"Fahrrad, Pkw",Zusammenstoß mit einbiegendem / kreuzendem Fahrzeug
153983.0,2017,8,23,3,Unfall mit Leichtverletzten,5.0,3.0,,1.0,0.0,0.0,,,8.457191095000042,49.49473363800007,,,Einbiegen / Kreuzen-Unfall,"Fahrrad, Pkw",Zusammenstoß mit einbiegendem / kreuzendem Fahrzeug
154584.0,2017,8,13,3,Unfall mit Leichtverletzten,5.0,3.0,,0.0,0.0,0.0,,,8.49294754500005,49.50718818800004,,,Einbiegen / Kreuzen-Unfall,Fahrrad,Zusammenstoß mit einbiegendem / kreuzendem Fahrzeug
154199.0,2017,8,12,3,Unfall mit Leichtverletzten,5.0,7.0,,1.0,0.0,0.0,,,8.472964107000053,49.48900481600003,,,sonstiger Unfall,"Fahrrad, Pkw",Zusammenstoß mit einbiegendem / kreuzendem Fahrzeug
154025.0,2017,8,20,2,Unfall mit Schwerverletzten,0.0,1.0,,0.0,0.0,0.0,,,8.447767441000053,49.49765010100003,,,Fahrunfall,Fahrrad,Unfall anderer Art
154023.0,2017,8,19,2,Unfall mit Leichtverletzten,1.0,2.0,,1.0,0.0,0.0,,,8.511530816000061,49.49800010000007,,,Abbiegeunfall,"Fahrrad, Pkw",Zusammenstoß mit anfahrendem/ anhaltendem/ ruhendem Fahrzeug
153700.0,2017,8,14,2,Unfall mit Schwerverletzten,2.0,6.0,,1.0,0.0,0.0,,,8.45807787700005,49.49828068500005,,,Unfall im Längsverkehr,"Fahrrad, Pkw",Zusammenstoß mit vorausfahrendem / wartendem Fahrzeug
154623.0,2017,8,13,2,Unfall mit Leichtverletzten,0.0,7.0,,1.0,0.0,0.0,,,8.480712259000029,49.49774806300008,,,sonstiger Unfall,"Fahrrad, Pkw",Unfall anderer Art
153699.0,2017,8,8,2,Unfall mit Leichtverletzten,1.0,5.0,,1.0,0.0,0.0,,,8.47378664200005,49.48131798300005,,,Unfall durch ruhenden Verkehr,"Fahrrad, Pkw",Zusammenstoß mit anfahrendem/ anhaltendem/ ruhendem Fahrzeug
153539.0,2017,7,22,7,Unfall mit Leichtverletzten,5.0,3.0,,1.0,0.0,0.0,,,8.481971267000063,49.49486030600008,,,Einbiegen / Kreuzen-Unfall,"Fahrrad, Pkw",Zusammenstoß mit einbiegendem / kreuzendem Fahrzeug
153540.0,2017,7,22,7,Unfall mit Leichtverletzten,4.0,2.0,,1.0,0.0,0.0,,,8.524041887000067,49.50936962800006,,,Abbiegeunfall,"Fahrrad, Pkw",Zusammenstoß mit entgegenkommendem Fahrzeug
51182.0,2017,7,19,7,Unfall mit Leichtverletzten,0.0,2.0,,1.0,0.0,0.0,,,8.467360559000042,49.48276841500007,,,Abbiegeunfall,"Fahrrad, Pkw",Unfall anderer Art
152337.0,2017,7,8,7,Unfall mit Leichtverletzten,0.0,4.0,,0.0,1.0,0.0,,,8.468900268000027,49.49841215000004,,,Überschreiten-Unfall,"Fahrrad, Fußgänger",Unfall anderer Art
153571.0,2017,7,17,6,Unfall mit Leichtverletzten,5.0,2.0,,1.0,0.0,0.0,,,8.460467390000076,49.48895029000005,,,Abbiegeunfall,"Fahrrad, Pkw",Zusammenstoß mit einbiegendem / kreuzendem Fahrzeug
153333.0,2017,7,15,6,Unfall mit Leichtverletzten,5.0,2.0,,1.0,0.0,0.0,,,8.475110250000057,49.49650053800008,,,Abbiegeunfall,"Fahrrad, Pkw",Zusammenstoß mit einbiegendem / kreuzendem Fahrzeug
153336.0,2017,7,14,6,Unfall mit Leichtverletzten,5.0,3.0,,1.0,0.0,0.0,,,8.461318567000035,49.48616450700007,,,Einbiegen / Kreuzen-Unfall,"Fahrrad, Pkw",Zusammenstoß mit einbiegendem / kreuzendem Fahrzeug
50465.0,2017,7,12,6,Unfall mit Leichtverletzten,5.0,7.0,,0.0,0.0,0.0,,,8.482615598000052,49.49232811100006,,,sonstiger Unfall,Fahrrad,Zusammenstoß mit einbiegendem / kreuzendem Fahrzeug
153396.0,2017,7,18,5,Unfall mit Leichtverletzten,5.0,2.0,,1.0,0.0,0.0,,,8.475321050000048,49.49090413300007,,,Abbiegeunfall,"Fahrrad, Pkw",Zusammenstoß mit einbiegendem / kreuzendem Fahrzeug
152720.0,2017,7,15,5,Unfall mit Leichtverletzten,1.0,3.0,,1.0,0.0,0.0,,,8.465100642000039,49.500367082000025,,,Einbiegen / Kreuzen-Unfall,"Fahrrad, Pkw",Zusammenstoß mit anfahrendem/ anhaltendem/ ruhendem Fahrzeug
152721.0,2017,7,15,5,Unfall mit Leichtverletzten,5.0,3.0,,1.0,0.0,0.0,,,8.478508414000032,49.460277233000056,,,Einbiegen / Kreuzen-Unfall,"Fahrrad, Pkw",Zusammenstoß mit einbiegendem / kreuzendem Fahrzeug
152556.0,2017,7,8,5,Unfall mit Leichtverletzten,1.0,5.0,,1.0,0.0,0.0,,,8.478150920000076,49.48078646100004,,,Unfall durch ruhenden Verkehr,"Fahrrad, Pkw",Zusammenstoß mit anfahrendem/ anhaltendem/ ruhendem Fahrzeug
152719.0,2017,7,0,5,Unfall mit Leichtverletzten,6.0,4.0,,0.0,1.0,0.0,,,8.487196452000035,49.49633651300008,,,Überschreiten-Unfall,"Fahrrad, Fußgänger",Zusammenstoß zwischen Fahrzeug und Fußgänger
152228.0,2017,7,17,3,Unfall mit Leichtverletzten,5.0,5.0,,1.0,0.0,0.0,,,8.489667832000066,49.522487738000045,,,Unfall durch ruhenden Verkehr,"Fahrrad, Pkw",Zusammenstoß mit einbiegendem / kreuzendem Fahrzeug
152229.0,2017,7,15,3,Unfall mit Leichtverletzten,0.0,3.0,,0.0,0.0,1.0,,,8.489245322000045,49.46039968400004,,,Einbiegen / Kreuzen-Unfall,"Fahrrad, Kraftrad",Unfall anderer Art
152989.0,2017,7,15,3,Unfall mit Leichtverletzten,5.0,3.0,,1.0,0.0,0.0,,,8.492366959000037,49.45571937600005,,,Einbiegen / Kreuzen-Unfall,"Fahrrad, Pkw",Zusammenstoß mit einbiegendem / kreuzendem Fahrzeug
152284.0,2017,7,17,2,Unfall mit Leichtverletzten,5.0,3.0,,1.0,0.0,0.0,,,8.501666171000068,49.47773634600002,,,Einbiegen / Kreuzen-Unfall,"Fahrrad, Pkw",Zusammenstoß mit einbiegendem / kreuzendem Fahrzeug
152387.0,2017,7,16,2,Unfall mit Leichtverletzten,1.0,7.0,,1.0,0.0,0.0,,,8.480639525000072,49.557911064000045,,,sonstiger Unfall,"Fahrrad, Pkw",Zusammenstoß mit anfahrendem/ anhaltendem/ ruhendem Fahrzeug
50656.0,2017,7,10,2,Unfall mit Leichtverletzten,0.0,4.0,,0.0,1.0,1.0,,,8.503570283000045,49.44894555700006,,,Überschreiten-Unfall,"Fahrrad, Fußgänger, Kraftrad",Unfall anderer Art
152389.0,2017,7,10,2,Unfall mit Schwerverletzten,5.0,3.0,,1.0,0.0,0.0,,,8.474438144000032,49.472751366000075,,,Einbiegen / Kreuzen-Unfall,"Fahrrad, Pkw",Zusammenstoß mit einbiegendem / kreuzendem Fahrzeug
152426.0,2017,7,11,1,Unfall mit Schwerverletzten,3.0,6.0,,1.0,0.0,0.0,,,8.534634075000042,49.44869381500007,,,Unfall im Längsverkehr,"Fahrrad, Pkw",Zusammenstoß mit seitlich in gleicher Richtung fahrendem Fahrzeug
151622.0,2017,6,20,7,Unfall mit Leichtverletzten,0.0,7.0,,0.0,0.0,0.0,,,8.467003180000063,49.46911629300007,,,sonstiger Unfall,Fahrrad,Unfall anderer Art
49025.0,2017,6,18,7,Unfall mit Leichtverletzten,0.0,7.0,,0.0,0.0,0.0,,,8.485557820000054,49.49427434100005,,,sonstiger Unfall,Fahrrad,Unfall anderer Art
150928.0,2017,6,18,7,Unfall mit Leichtverletzten,5.0,2.0,,1.0,0.0,0.0,,,8.471244168000055,49.50022684700008,,,Abbiegeunfall,"Fahrrad, Pkw",Zusammenstoß mit einbiegendem / kreuzendem Fahrzeug
152371.0,2017,6,19,6,Unfall mit Leichtverletzten,0.0,7.0,,1.0,0.0,0.0,,,8.469639334000021,49.48296295100005,,,sonstiger Unfall,"Fahrrad, Pkw",Unfall anderer Art
150973.0,2017,6,18,6,Unfall mit Leichtverletzten,5.0,7.0,,1.0,0.0,0.0,,,8.50191257800003,49.468169500000045,,,sonstiger Unfall,"Fahrrad, Pkw",Zusammenstoß mit einbiegendem / kreuzendem Fahrzeug
47962.0,2017,6,17,6,Unfall mit Leichtverletzten,5.0,2.0,,1.0,0.0,0.0,,,8.471959139000035,49.513320555000064,,,Abbiegeunfall,"Fahrrad, Pkw",Zusammenstoß mit einbiegendem / kreuzendem Fahrzeug
151674.0,2017,6,17,6,Unfall mit Leichtverletzten,5.0,3.0,,1.0,0.0,0.0,,,8.493124176000038,49.52180393000003,,,Einbiegen / Kreuzen-Unfall,"Fahrrad, Pkw",Zusammenstoß mit einbiegendem / kreuzendem Fahrzeug
152136.0,2017,6,17,6,Unfall mit Schwerverletzten,3.0,2.0,,1.0,0.0,0.0,,,8.469326758000022,49.48744583900003,,,Abbiegeunfall,"Fahrrad, Pkw",Zusammenstoß mit seitlich in gleicher Richtung fahrendem Fahrzeug
151266.0,2017,6,16,6,Unfall mit Leichtverletzten,5.0,3.0,,1.0,0.0,0.0,,,8.472512964000032,49.49247731600008,,,Einbiegen / Kreuzen-Unfall,"Fahrrad, Pkw",Zusammenstoß mit einbiegendem / kreuzendem Fahrzeug
49801.0,2017,6,14,6,Unfall mit Leichtverletzten,5.0,3.0,,1.0,0.0,0.0,,,8.456005504000075,49.48518772900008,,,Einbiegen / Kreuzen-Unfall,"Fahrrad, Pkw",Zusammenstoß mit einbiegendem / kreuzendem Fahrzeug
151514.0,2017,6,10,6,Unfall mit Leichtverletzten,4.0,5.0,,1.0,0.0,0.0,,,8.481909749000067,49.47465465600004,,,Unfall durch ruhenden Verkehr,"Fahrrad, Pkw",Zusammenstoß mit entgegenkommendem Fahrzeug
151676.0,2017,6,9,6,Unfall mit Leichtverletzten,4.0,2.0,,1.0,0.0,0.0,,,8.482816624000066,49.46995108300007,,,Abbiegeunfall,"Fahrrad, Pkw",Zusammenstoß mit entgegenkommendem Fahrzeug
47920.0,2017,6,16,5,Unfall mit Leichtverletzten,5.0,2.0,,1.0,0.0,0.0,,,8.468062046000057,49.48239192700004,,,Abbiegeunfall,"Fahrrad, Pkw",Zusammenstoß mit einbiegendem / kreuzendem Fahrzeug
151554.0,2017,6,16,5,Unfall mit Leichtverletzten,0.0,7.0,,0.0,0.0,0.0,,,8.53398819000006,49.424665385000026,,,sonstiger Unfall,Fahrrad,Unfall anderer Art
151730.0,2017,6,16,5,Unfall mit Leichtverletzten,3.0,5.0,,1.0,0.0,0.0,,,8.464382939000075,49.49191116000002,,,Unfall durch ruhenden Verkehr,"Fahrrad, Pkw",Zusammenstoß mit seitlich in gleicher Richtung fahrendem Fahrzeug
151032.0,2017,6,14,5,Unfall mit Leichtverletzten,5.0,3.0,,1.0,0.0,0.0,,,8.49023334800006,49.46146620700006,,,Einbiegen / Kreuzen-Unfall,"Fahrrad, Pkw",Zusammenstoß mit einbiegendem / kreuzendem Fahrzeug
151068.0,2017,6,21,4,Unfall mit Leichtverletzten,5.0,2.0,,1.0,0.0,0.0,,,8.47598627800005,49.45950510400007,,,Abbiegeunfall,"Fahrrad, Pkw",Zusammenstoß mit einbiegendem / kreuzendem Fahrzeug
151069.0,2017,6,16,4,Unfall mit Leichtverletzten,5.0,3.0,,1.0,0.0,0.0,,,8.528012323000041,49.41498843300008,,,Einbiegen / Kreuzen-Unfall,"Fahrrad, Pkw",Zusammenstoß mit einbiegendem / kreuzendem Fahrzeug
151070.0,2017,6,12,4,Unfall mit Leichtverletzten,0.0,5.0,,0.0,0.0,0.0,,,8.459033532000035,49.49450093000007,,,Unfall durch ruhenden Verkehr,Fahrrad,Unfall anderer Art
152010.0,2017,6,18,3,Unfall mit Leichtverletzten,3.0,2.0,,1.0,0.0,0.0,,,8.465157396000052,49.48900211200004,,,Abbiegeunfall,"Fahrrad, Pkw",Zusammenstoß mit seitlich in gleicher Richtung fahrendem Fahrzeug
152011.0,2017,6,18,3,Unfall mit Leichtverletzten,1.0,5.0,,1.0,0.0,0.0,,,8.47371092700007,49.54749932900006,,,Unfall durch ruhenden Verkehr,"Fahrrad, Pkw",Zusammenstoß mit anfahrendem/ anhaltendem/ ruhendem Fahrzeug
152015.0,2017,6,16,3,Unfall mit Leichtverletzten,5.0,3.0,,1.0,0.0,0.0,,,8.493711191000045,49.50078780300004,,,Einbiegen / Kreuzen-Unfall,"Fahrrad, Pkw",Zusammenstoß mit einbiegendem / kreuzendem Fahrzeug
152009.0,2017,6,13,3,Unfall mit Leichtverletzten,0.0,7.0,,0.0,0.0,0.0,,,8.47855878100006,49.50832982000002,,,sonstiger Unfall,Fahrrad,Unfall anderer Art
152012.0,2017,6,7,3,Unfall mit Leichtverletzten,5.0,3.0,,1.0,0.0,0.0,,,8.509357047000037,49.50906995900005,,,Einbiegen / Kreuzen-Unfall,"Fahrrad, Pkw",Zusammenstoß mit einbiegendem / kreuzendem Fahrzeug
151392.0,2017,6,18,2,Unfall mit Leichtverletzten,0.0,1.0,,0.0,0.0,0.0,,,8.476120989000037,49.47345842800007,,,Fahrunfall,Fahrrad,Unfall anderer Art
151393.0,2017,6,7,2,Unfall mit Leichtverletzten,0.0,7.0,,0.0,0.0,0.0,,,8.507246707000036,49.44176678200006,,,sonstiger Unfall,Fahrrad,Unfall anderer Art
152118.0,2017,6,16,1,Unfall mit Leichtverletzten,5.0,3.0,,1.0,0.0,0.0,,,8.469293418000063,49.493601641000055,,,Einbiegen / Kreuzen-Unfall,"Fahrrad, Pkw",Zusammenstoß mit einbiegendem / kreuzendem Fahrzeug
151194.0,2017,6,14,1,Unfall mit Schwerverletzten,0.0,1.0,,0.0,0.0,0.0,,,8.47820673900003,49.48017993100007,,,Fahrunfall,Fahrrad,Unfall anderer Art
150780.0,2017,5,18,7,Unfall mit Leichtverletzten,3.0,6.0,,1.0,0.0,0.0,,,8.474441857000045,49.48541919600007,,,Unfall im Längsverkehr,"Fahrrad, Pkw",Zusammenstoß mit seitlich in gleicher Richtung fahrendem Fahrzeug
150777.0,2017,5,16,7,Unfall mit Leichtverletzten,0.0,7.0,,0.0,0.0,0.0,,,8.473592452000048,49.48384520900004,,,sonstiger Unfall,Fahrrad,Unfall anderer Art
150021.0,2017,5,17,6,Unfall mit Leichtverletzten,1.0,2.0,,1.0,0.0,0.0,,,8.467725225000038,49.487999184000046,,,Abbiegeunfall,"Fahrrad, Pkw",Zusammenstoß mit anfahrendem/ anhaltendem/ ruhendem Fahrzeug
150324.0,2017,5,8,6,Unfall mit Leichtverletzten,3.0,6.0,,1.0,0.0,0.0,,,8.495102695000071,49.49968418000003,,,Unfall im Längsverkehr,"Fahrrad, Pkw",Zusammenstoß mit seitlich in gleicher Richtung fahrendem Fahrzeug
150158.0,2017,5,6,6,Unfall mit Leichtverletzten,6.0,7.0,,0.0,1.0,0.0,,,8.467965506000041,49.489678138000045,,,sonstiger Unfall,"Fahrrad, Fußgänger",Zusammenstoß zwischen Fahrzeug und Fußgänger
150213.0,2017,5,15,5,Unfall mit Leichtverletzten,5.0,3.0,,1.0,0.0,0.0,,,8.473958733000075,49.46624858800004,,,Einbiegen / Kreuzen-Unfall,"Fahrrad, Pkw",Zusammenstoß mit einbiegendem / kreuzendem Fahrzeug
149260.0,2017,5,10,5,Unfall mit Leichtverletzten,5.0,3.0,,0.0,0.0,0.0,,,8.471432707000076,49.48972656000007,,,Einbiegen / Kreuzen-Unfall,Fahrrad,Zusammenstoß mit einbiegendem / kreuzendem Fahrzeug
149262.0,2017,5,8,5,Unfall mit Leichtverletzten,5.0,3.0,,0.0,0.0,0.0,,,8.492010438000023,49.53229562300004,,,Einbiegen / Kreuzen-Unfall,Fahrrad,Zusammenstoß mit einbiegendem / kreuzendem Fahrzeug
150214.0,2017,5,7,5,Unfall mit Schwerverletzten,5.0,3.0,,1.0,0.0,0.0,,,8.517152117000023,49.50875503800006,,,Einbiegen / Kreuzen-Unfall,"Fahrrad, Pkw",Zusammenstoß mit einbiegendem / kreuzendem Fahrzeug
150276.0,2017,5,21,4,Unfall mit Leichtverletzten,5.0,2.0,,1.0,0.0,0.0,,,8.500649950000025,49.46862517300008,,,Abbiegeunfall,"Fahrrad, Pkw",Zusammenstoß mit einbiegendem / kreuzendem Fahrzeug
47382.0,2017,5,19,4,Unfall mit Schwerverletzten,5.0,5.0,,0.0,0.0,1.0,,,8.488205592000043,49.49461938800005,,,Unfall durch ruhenden Verkehr,"Fahrrad, Kraftrad",Zusammenstoß mit einbiegendem / kreuzendem Fahrzeug
150277.0,2017,5,17,4,Unfall mit Leichtverletzten,6.0,7.0,,0.0,1.0,0.0,,,8.472078277000037,49.49805666800006,,,sonstiger Unfall,"Fahrrad, Fußgänger",Zusammenstoß zwischen Fahrzeug und Fußgänger
47841.0,2017,5,16,4,Unfall mit Leichtverletzten,3.0,6.0,,0.0,0.0,0.0,,,8.473996924000062,49.48362795600008,,,Unfall im Längsverkehr,Fahrrad,Zusammenstoß mit seitlich in gleicher Richtung fahrendem Fahrzeug
149588.0,2017,5,15,4,Unfall mit Leichtverletzten,3.0,2.0,,1.0,0.0,0.0,,,8.46871165400006,49.48575290500003,,,Abbiegeunfall,"Fahrrad, Pkw",Zusammenstoß mit seitlich in gleicher Richtung fahrendem Fahrzeug
150424.0,2017,5,9,4,Unfall mit Leichtverletzten,5.0,3.0,,1.0,0.0,0.0,,,8.506240553000055,49.47815504500005,,,Einbiegen / Kreuzen-Unfall,"Fahrrad, Pkw",Zusammenstoß mit einbiegendem / kreuzendem Fahrzeug
150582.0,2017,5,8,4,Unfall mit Leichtverletzten,5.0,3.0,,1.0,0.0,0.0,,,8.488073264000036,49.52900636100002,,,Einbiegen / Kreuzen-Unfall,"Fahrrad, Pkw",Zusammenstoß mit einbiegendem / kreuzendem Fahrzeug
149299.0,2017,5,7,4,Unfall mit Leichtverletzten,5.0,3.0,,1.0,0.0,0.0,,,8.472757475000037,49.468353198000045,,,Einbiegen / Kreuzen-Unfall,"Fahrrad, Pkw",Zusammenstoß mit einbiegendem / kreuzendem Fahrzeug
149848.0,2017,5,19,3,Unfall mit Leichtverletzten,5.0,3.0,,1.0,0.0,0.0,,,8.487921005000032,49.479507237000064,,,Einbiegen / Kreuzen-Unfall,"Fahrrad, Pkw",Zusammenstoß mit einbiegendem / kreuzendem Fahrzeug
46800.0,2017,5,18,3,Unfall mit Leichtverletzten,1.0,5.0,,1.0,0.0,0.0,,,8.522673037000061,49.47716433900007,,,Unfall durch ruhenden Verkehr,"Fahrrad, Pkw",Zusammenstoß mit anfahrendem/ anhaltendem/ ruhendem Fahrzeug
149849.0,2017,5,16,3,Unfall mit Schwerverletzten,5.0,3.0,,1.0,0.0,0.0,,,8.497243068000046,49.45349084600008,,,Einbiegen / Kreuzen-Unfall,"Fahrrad, Pkw",Zusammenstoß mit einbiegendem / kreuzendem Fahrzeug
46801.0,2017,5,15,3,Unfall mit Leichtverletzten,5.0,3.0,,1.0,0.0,0.0,,,8.488190152000072,49.49759471800007,,,Einbiegen / Kreuzen-Unfall,"Fahrrad, Pkw",Zusammenstoß mit einbiegendem / kreuzendem Fahrzeug
150496.0,2017,5,13,3,Unfall mit Leichtverletzten,5.0,3.0,,1.0,0.0,0.0,,,8.46792651900006,49.48470752300005,,,Einbiegen / Kreuzen-Unfall,"Fahrrad, Pkw",Zusammenstoß mit einbiegendem / kreuzendem Fahrzeug
149347.0,2017,5,9,3,Unfall mit Schwerverletzten,5.0,3.0,,1.0,0.0,0.0,,,8.492590678000056,49.47850121800008,,,Einbiegen / Kreuzen-Unfall,"Fahrrad, Pkw",Zusammenstoß mit einbiegendem / kreuzendem Fahrzeug
149348.0,2017,5,7,3,Unfall mit Leichtverletzten,1.0,5.0,,1.0,0.0,0.0,,,8.466668190000064,49.476353526000025,,,Unfall durch ruhenden Verkehr,"Fahrrad, Pkw",Zusammenstoß mit anfahrendem/ anhaltendem/ ruhendem Fahrzeug
149850.0,2017,5,7,3,Unfall mit Leichtverletzten,2.0,6.0,,0.0,0.0,0.0,,,8.457673967000062,49.49187888000006,,,Unfall im Längsverkehr,Fahrrad,Zusammenstoß mit vorausfahrendem / wartendem Fahrzeug
150497.0,2017,5,7,3,Unfall mit Leichtverletzten,4.0,6.0,,0.0,0.0,0.0,,,8.53501473800003,49.48854506500004,,,Unfall im Längsverkehr,Fahrrad,Zusammenstoß mit entgegenkommendem Fahrzeug
149910.0,2017,5,19,2,Unfall mit Leichtverletzten,0.0,7.0,,0.0,0.0,0.0,,,8.514214842000058,49.51273275700004,,,sonstiger Unfall,Fahrrad,Unfall anderer Art
149664.0,2017,5,18,2,Unfall mit Leichtverletzten,1.0,5.0,,0.0,0.0,0.0,,,8.494726423000031,49.45156193700007,,,Unfall durch ruhenden Verkehr,Fahrrad,Zusammenstoß mit anfahrendem/ anhaltendem/ ruhendem Fahrzeug
47606.0,2017,5,10,2,Unfall mit Leichtverletzten,5.0,2.0,,1.0,0.0,0.0,,,8.511059166000052,49.518490461000056,,,Abbiegeunfall,"Fahrrad, Pkw",Zusammenstoß mit einbiegendem / kreuzendem Fahrzeug
150548.0,2017,5,9,2,Unfall mit Leichtverletzten,1.0,5.0,,1.0,0.0,0.0,,,8.512391012000023,49.52205113000008,,,Unfall durch ruhenden Verkehr,"Fahrrad, Pkw",Zusammenstoß mit anfahrendem/ anhaltendem/ ruhendem Fahrzeug
149663.0,2017,5,8,2,Unfall mit Leichtverletzten,5.0,3.0,,1.0,0.0,0.0,,,8.475008299000024,49.48142440800007,,,Einbiegen / Kreuzen-Unfall,"Fahrrad, Pkw",Zusammenstoß mit einbiegendem / kreuzendem Fahrzeug
149694.0,2017,5,1,1,Unfall mit Leichtverletzten,3.0,6.0,,1.0,0.0,0.0,,,8.464160849000052,49.488030884000075,,,Unfall im Längsverkehr,"Fahrrad, Pkw",Zusammenstoß mit seitlich in gleicher Richtung fahrendem Fahrzeug
44735.0,2017,4,22,7,Unfall mit Leichtverletzten,5.0,3.0,,1.0,0.0,0.0,,,8.474745837000057,49.48441670900007,,,Einbiegen / Kreuzen-Unfall,"Fahrrad, Pkw",Zusammenstoß mit einbiegendem / kreuzendem Fahrzeug
149425.0,2017,4,13,7,Unfall mit Leichtverletzten,5.0,3.0,,1.0,0.0,0.0,,,8.51787956000004,49.46190303800006,,,Einbiegen / Kreuzen-Unfall,"Fahrrad, Pkw",Zusammenstoß mit einbiegendem / kreuzendem Fahrzeug
149468.0,2017,4,18,6,Unfall mit Leichtverletzten,1.0,5.0,,1.0,0.0,0.0,,,8.472599407000075,49.484173217000034,,,Unfall durch ruhenden Verkehr,"Fahrrad, Pkw",Zusammenstoß mit anfahrendem/ anhaltendem/ ruhendem Fahrzeug
149469.0,2017,4,13,6,Unfall mit Leichtverletzten,5.0,3.0,,1.0,0.0,0.0,,,8.554418015000067,49.46678332300007,,,Einbiegen / Kreuzen-Unfall,"Fahrrad, Pkw",Zusammenstoß mit einbiegendem / kreuzendem Fahrzeug
148807.0,2017,4,21,5,Unfall mit Leichtverletzten,5.0,3.0,,1.0,0.0,0.0,,,8.498846116000038,49.453757774000046,,,Einbiegen / Kreuzen-Unfall,"Fahrrad, Pkw",Zusammenstoß mit einbiegendem / kreuzendem Fahrzeug
45273.0,2017,4,16,5,Unfall mit Leichtverletzten,5.0,3.0,,1.0,0.0,0.0,,,8.477380288000063,49.51740503600007,,,Einbiegen / Kreuzen-Unfall,"Fahrrad, Pkw",Zusammenstoß mit einbiegendem / kreuzendem Fahrzeug
148578.0,2017,4,13,5,Unfall mit Leichtverletzten,0.0,3.0,,1.0,0.0,0.0,,,8.472434968000073,49.50017386200005,,,Einbiegen / Kreuzen-Unfall,"Fahrrad, Pkw",Unfall anderer Art
148626.0,2017,4,16,4,Unfall mit Leichtverletzten,5.0,2.0,,1.0,0.0,0.0,,,8.46865451800005,49.49177032200004,,,Abbiegeunfall,"Fahrrad, Pkw",Zusammenstoß mit einbiegendem / kreuzendem Fahrzeug
148879.0,2017,4,16,3,Unfall mit Leichtverletzten,3.0,2.0,,1.0,0.0,0.0,,,8.469700717000023,49.49026510700003,,,Abbiegeunfall,"Fahrrad, Pkw",Zusammenstoß mit seitlich in gleicher Richtung fahrendem Fahrzeug
148673.0,2017,4,13,3,Unfall mit Leichtverletzten,3.0,6.0,,1.0,0.0,0.0,,,8.45336450000002,49.54385724600007,,,Unfall im Längsverkehr,"Fahrrad, Pkw",Zusammenstoß mit seitlich in gleicher Richtung fahrendem Fahrzeug
148877.0,2017,4,13,3,Unfall mit Leichtverletzten,5.0,3.0,,0.0,0.0,1.0,,,8.471954247000042,49.482081255000026,,,Einbiegen / Kreuzen-Unfall,"Fahrrad, Kraftrad",Zusammenstoß mit einbiegendem / kreuzendem Fahrzeug